customer_id,gender,segment,recency,frequency,monetary,basket_diversity,avg_order_size,purchase_regularity,recommended_action_id,recommended_action_name,recommended_action_cost,predicted_reward,confidence_score,uncertainty_score,explore_score,recommended_ucb_score,runner_up_action_id,runner_up_action_name,runner_up_ucb_score,score_margin,recommended_action_n_pulls
1,M,Loyal,8,8,390.74,1.67,63.04,0.698,3,product_recommendation,0.3,27.074,0.9992,0.003,0.0274,27.1014,2,free_shipping,19.9219,7.1795,2343
2,F,Loyal,59,7,285.05,2.81,47.31,0.382,4,bundle_offer,9.0,14.4587,0.8952,0.0011,0.0169,14.4756,2,free_shipping,12.2647,2.2109,2231
3,M,Lost,111,2,113.5,4.29,70.92,0.447,4,bundle_offer,9.0,34.784,1.0,0.0029,0.0268,34.8108,3,product_recommendation,17.1113,17.6995,2231
4,F,Lost,87,9,453.2,4.37,70.15,0.361,4,bundle_offer,9.0,31.2933,1.0,0.0015,0.0192,31.3125,2,free_shipping,14.1026,17.2099,2231
5,M,Champion,17,8,477.8,3.74,63.38,0.348,4,bundle_offer,9.0,33.0871,1.0,0.0011,0.0168,33.1039,3,product_recommendation,22.1229,10.981,2231
6,F,Champion,25,9,605.36,3.8,69.66,0.733,3,product_recommendation,0.3,36.9727,0.6055,0.0014,0.0186,36.9913,4,bundle_offer,36.563,0.4283,2343
7,M,Loyal,43,6,265.71,3.71,66.34,0.487,4,bundle_offer,9.0,25.5874,0.9977,0.0012,0.0173,25.6048,3,product_recommendation,19.5226,6.0822,2231
8,F,Champion,29,8,524.88,3.99,90.83,0.334,4,bundle_offer,9.0,36.8555,0.9999,0.0044,0.033,36.8885,3,product_recommendation,27.2052,9.6833,2231
9,M,Loyal,46,4,238.62,3.55,65.12,0.449,4,bundle_offer,9.0,30.0193,0.9996,0.0012,0.0176,30.0369,3,product_recommendation,22.0837,7.9532,2231
10,F,Loyal,27,6,317.86,2.55,65.22,0.649,3,product_recommendation,0.3,27.0434,0.9998,0.0011,0.0163,27.0597,2,free_shipping,18.1444,8.9153,2343
11,M,At-Risk,107,5,252.07,2.26,52.04,0.195,4,bundle_offer,9.0,13.0366,0.9707,0.0016,0.0201,13.0568,2,free_shipping,9.552,3.5048,2231
12,F,Lost,67,5,310.33,3.09,68.44,0.456,4,bundle_offer,9.0,25.1528,0.9827,0.0015,0.0192,25.172,3,product_recommendation,21.129,4.043,2231
13,M,Champion,17,9,464.35,4.13,57.14,0.636,4,bundle_offer,9.0,31.9984,0.996,0.0018,0.0213,32.0196,3,product_recommendation,26.5051,5.5145,2231
14,F,Loyal,27,6,297.87,3.25,64.98,0.512,4,bundle_offer,9.0,23.5209,0.7049,0.0015,0.0196,23.5405,3,product_recommendation,22.668,0.8725,2231
15,M,Lost,75,6,270.74,2.86,51.96,0.441,4,bundle_offer,9.0,17.0098,0.972,0.0011,0.0167,17.0265,2,free_shipping,12.939,4.0875,2231
16,F,Loyal,41,6,233.32,3.32,55.49,0.414,4,bundle_offer,9.0,20.3309,0.9965,0.001,0.0158,20.3467,3,product_recommendation,14.0534,6.2933,2231
17,M,Loyal,42,7,587.15,1.55,82.33,0.678,3,product_recommendation,0.3,38.4214,1.0,0.0053,0.0363,38.4576,2,free_shipping,19.4846,18.973,2343
18,F,Lost,131,1,36.06,1.15,43.29,0.345,2,free_shipping,4.99,9.7867,0.9944,0.009,0.0473,9.8341,3,product_recommendation,4.4811,5.353,401
19,M,Loyal,26,4,267.53,3.31,81.37,0.798,3,product_recommendation,0.3,37.6968,0.9999,0.0031,0.0279,37.7246,4,bundle_offer,28.5263,9.1983,2343
20,F,Loyal,13,6,525.14,5.42,89.29,0.772,4,bundle_offer,9.0,58.8335,1.0,0.0044,0.0333,58.8668,3,product_recommendation,48.0715,10.7953,2231
21,M,Champion,6,8,502.21,2.1,58.62,0.554,3,product_recommendation,0.3,28.1636,1.0,0.0012,0.0171,28.1807,4,bundle_offer,18.1285,10.0522,2343
22,F,Champion,18,10,520.93,1.92,64.64,0.353,3,product_recommendation,0.3,17.2589,0.8243,0.0029,0.0271,17.286,2,free_shipping,15.7378,1.5482,2343
23,M,Lost,74,6,357.78,3.26,66.8,0.542,4,bundle_offer,9.0,25.7045,0.9649,0.0015,0.0195,25.724,3,product_recommendation,22.408,3.316,2231
24,F,Champion,5,10,636.66,3.6,75.05,0.525,4,bundle_offer,9.0,33.4999,0.8036,0.0016,0.0202,33.5201,3,product_recommendation,32.1109,1.4092,2231
25,M,Lost,72,6,398.39,4.09,76.96,0.424,4,bundle_offer,9.0,36.5712,1.0,0.0011,0.0166,36.5878,3,product_recommendation,23.3559,13.2319,2231
26,F,Loyal,53,12,799.08,4.15,89.13,0.646,4,bundle_offer,9.0,39.132,0.9555,0.0018,0.0213,39.1533,3,product_recommendation,36.0866,3.0667,2231
27,M,Champion,5,14,700.73,2.67,58.61,0.395,3,product_recommendation,0.3,16.979,0.785,0.0047,0.0342,17.0131,2,free_shipping,15.5513,1.4618,2343
28,F,Champion,25,9,503.66,4.02,64.27,0.632,4,bundle_offer,9.0,32.766,0.9862,0.0013,0.0177,32.7837,3,product_recommendation,28.5138,4.2699,2231
29,M,Loyal,43,7,390.38,2.35,54.5,0.367,4,bundle_offer,9.0,16.7305,0.6037,0.0011,0.0164,16.7469,3,product_recommendation,16.3018,0.4451,2231
30,F,Loyal,21,6,233.87,2.18,63.33,0.456,3,product_recommendation,0.3,17.2929,0.5695,0.0017,0.0208,17.3138,2,free_shipping,17.0337,0.2801,2343
31,M,Champion,13,10,618.88,2.88,73.41,0.682,3,product_recommendation,0.3,34.2058,0.9999,0.0013,0.0178,34.2236,4,bundle_offer,24.5153,9.7083,2343
32,F,Loyal,14,7,430.41,4.28,63.08,0.392,4,bundle_offer,9.0,39.4453,1.0,0.0012,0.0173,39.4626,3,product_recommendation,24.61,14.8526,2231
33,M,Loyal,52,4,187.94,3.36,55.94,0.275,4,bundle_offer,9.0,25.4962,1.0,0.0009,0.0153,25.5115,3,product_recommendation,12.4742,13.0373,2231
34,F,At-Risk,165,7,374.34,3.76,62.22,0.478,4,bundle_offer,9.0,25.2715,1.0,0.0032,0.0284,25.2999,2,free_shipping,12.803,12.4969,2231
35,M,Champion,16,13,825.03,4.89,78.63,0.757,4,bundle_offer,9.0,46.0105,0.9968,0.0019,0.0216,46.0321,3,product_recommendation,40.2836,5.7485,2231
36,F,Lost,15,2,129.74,5.85,80.7,0.34,4,bundle_offer,9.0,54.7157,1.0,0.0074,0.0429,54.7586,3,product_recommendation,26.4221,28.3365,2231
37,M,Loyal,3,7,412.32,4.89,81.13,0.536,4,bundle_offer,9.0,43.6167,1.0,0.0021,0.023,43.6397,3,product_recommendation,32.1734,11.4663,2231
38,F,Loyal,10,9,340.23,2.85,50.28,0.38,2,free_shipping,4.99,14.3021,0.8473,0.0095,0.0486,14.3507,4,bundle_offer,12.1952,2.1555,401
39,M,Champion,26,12,808.97,6.05,84.51,0.766,4,bundle_offer,9.0,60.0107,1.0,0.0023,0.024,60.0346,3,product_recommendation,43.537,16.4976,2231
40,F,Loyal,30,11,570.99,2.11,60.76,0.576,3,product_recommendation,0.3,21.8875,0.9887,0.0017,0.0208,21.9084,2,free_shipping,17.4349,4.4735,2343
41,M,Lost,82,4,173.72,1.59,59.01,0.562,3,product_recommendation,0.3,16.2913,0.5171,0.003,0.0274,16.3188,2,free_shipping,16.2505,0.0683,2343
42,F,Champion,18,10,526.59,2.72,66.86,0.36,3,product_recommendation,0.3,18.7666,0.6982,0.0024,0.0245,18.7911,4,bundle_offer,17.8592,0.9319,2343
43,M,Loyal,22,5,256.97,3.97,64.39,0.436,4,bundle_offer,9.0,32.4813,1.0,0.0012,0.0175,32.4988,3,product_recommendation,22.2696,10.2292,2231
44,F,Loyal,47,8,547.69,4.34,75.01,0.938,3,product_recommendation,0.3,42.2033,0.8117,0.0039,0.0312,42.2345,4,bundle_offer,40.7736,1.4609,2343
45,M,At-Risk,144,5,245.47,3.4,61.77,0.135,4,bundle_offer,9.0,22.6012,1.0,0.003,0.0272,22.6284,2,free_shipping,9.4025,13.2259,2231
46,F,Champion,20,9,462.71,2.03,66.71,0.701,3,product_recommendation,0.3,27.6119,0.9995,0.0021,0.0228,27.6347,2,free_shipping,20.0433,7.5914,2343
47,M,Lost,78,5,334.83,4.08,77.17,0.401,4,bundle_offer,9.0,36.1074,1.0,0.0015,0.0191,36.1265,3,product_recommendation,21.8731,14.2534,2231
48,F,Loyal,36,5,334.24,4.35,71.29,0.487,4,bundle_offer,9.0,40.3592,1.0,0.0014,0.0185,40.3777,3,product_recommendation,27.5699,12.8078,2231
49,M,Lost,69,5,348.13,3.51,78.3,0.312,4,bundle_offer,9.0,31.6002,1.0,0.0024,0.0243,31.6245,3,product_recommendation,20.415,11.2095,2231
50,F,At-Risk,126,7,357.29,2.92,64.08,0.269,4,bundle_offer,9.0,17.3191,0.9946,0.0022,0.0234,17.3426,2,free_shipping,12.1259,5.2167,2231
51,M,Loyal,38,5,234.53,5.48,57.58,0.43,4,bundle_offer,9.0,46.2485,1.0,0.0039,0.0313,46.2799,3,product_recommendation,19.8657,26.4142,2231
52,F,Loyal,49,4,151.53,3.49,59.73,0.179,4,bundle_offer,9.0,24.6077,1.0,0.0023,0.0242,24.6319,2,free_shipping,11.2111,13.4208,2231
53,M,Loyal,22,5,226.4,2.94,56.86,0.393,4,bundle_offer,9.0,20.5141,0.9526,0.0012,0.017,20.531,3,product_recommendation,17.5075,3.0235,2231
54,F,Champion,6,12,674.73,3.5,67.65,0.605,3,product_recommendation,0.3,29.4091,0.8877,0.0018,0.021,29.4301,4,bundle_offer,27.363,2.0671,2343
55,M,Lost,66,9,433.77,5.27,64.07,0.171,4,bundle_offer,9.0,40.6718,1.0,0.006,0.0386,40.7104,1,discount_10,12.0888,28.6216,2231
56,F,Loyal,25,6,328.45,2.9,66.09,0.776,3,product_recommendation,0.3,31.8826,1.0,0.0019,0.0219,31.9045,4,bundle_offer,21.3708,10.5337,2343
57,M,At-Risk,178,7,324.24,3.67,56.03,0.31,4,bundle_offer,9.0,21.3982,1.0,0.0037,0.0303,21.4284,2,free_shipping,10.2632,11.1652,2231
58,F,Lost,95,1,34.8,3.63,37.76,0.26,4,bundle_offer,9.0,29.5702,1.0,0.0031,0.0278,29.598,3,product_recommendation,6.5944,23.0036,2231
59,M,Lost,170,2,96.83,1.08,53.57,0.25,2,free_shipping,4.99,10.1266,0.9999,0.0158,0.0627,10.1893,4,bundle_offer,0.3859,9.8034,401
60,F,At-Risk,99,4,225.41,2.31,76.73,0.316,2,free_shipping,4.99,15.1608,0.6158,0.0161,0.0635,15.2242,4,bundle_offer,14.47,0.7542,401
61,M,Lost,13,1,47.84,2.66,66.36,0.422,3,product_recommendation,0.3,22.8523,0.7988,0.0034,0.0293,22.8817,4,bundle_offer,21.501,1.3807,2343
62,F,Loyal,27,6,292.16,2.68,58.65,0.758,3,product_recommendation,0.3,28.1182,0.9999,0.0021,0.0231,28.1414,2,free_shipping,18.4449,9.6965,2343
63,M,Champion,15,14,1202.42,3.93,83.61,0.822,3,product_recommendation,0.3,57.6157,0.8087,0.0079,0.0444,57.6601,4,bundle_offer,56.2185,1.4416,2343
64,F,Lost,71,3,111.28,1.2,43.69,0.57,3,product_recommendation,0.3,14.6834,0.6808,0.0035,0.0294,14.7127,2,free_shipping,13.9552,0.7575,2343
65,M,Champion,17,8,482.24,2.57,65.3,0.856,3,product_recommendation,0.3,36.4085,1.0,0.003,0.0272,36.4357,4,bundle_offer,20.2551,16.1806,2343
66,F,Lost,62,8,374.66,3.11,52.27,0.491,4,bundle_offer,9.0,18.7805,0.9723,0.0013,0.0183,18.7989,3,product_recommendation,14.9695,3.8294,2231
67,M,Loyal,41,6,402.08,4.63,78.76,0.733,4,bundle_offer,9.0,42.5762,0.9984,0.0028,0.0264,42.6026,3,product_recommendation,36.1405,6.4621,2231
68,F,Champion,18,8,434.58,1.95,57.08,0.389,3,product_recommendation,0.3,18.612,0.9862,0.0011,0.0167,18.6287,2,free_shipping,14.2248,4.4039,2343
69,M,Loyal,58,11,724.67,3.99,74.52,0.54,4,bundle_offer,9.0,37.4316,0.9997,0.001,0.0156,37.4472,3,product_recommendation,29.411,8.0362,2231
70,F,Loyal,11,6,296.13,3.39,67.12,0.48,4,bundle_offer,9.0,25.3406,0.8576,0.0018,0.0211,25.3617,3,product_recommendation,23.5655,1.7962,2231
71,M,Loyal,12,6,293.72,2.74,59.8,0.275,4,bundle_offer,9.0,19.369,0.9734,0.0021,0.0232,19.3922,3,product_recommendation,15.7184,3.6738,2231
72,F,Lost,67,8,469.09,1.49,61.46,0.406,3,product_recommendation,0.3,16.5243,0.8888,0.0021,0.0231,16.5474,2,free_shipping,14.4669,2.0805,2343
73,M,Loyal,56,7,296.37,3.06,52.25,0.378,4,bundle_offer,9.0,17.5867,0.9899,0.001,0.0155,17.6022,2,free_shipping,12.8418,4.7604,2231
74,F,At-Risk,109,3,98.84,1.09,37.82,0.078,2,free_shipping,4.99,6.79,0.9965,0.0105,0.0513,6.8413,0,no_action,0.2894,6.5519,401
75,M,Loyal,16,6,229.52,3.29,49.54,0.553,4,bundle_offer,9.0,20.6273,0.7899,0.0019,0.0218,20.6491,3,product_recommendation,19.3133,1.3358,2231
76,F,Champion,17,10,455.71,2.35,62.14,0.356,2,free_shipping,4.99,15.7994,0.8218,0.0127,0.0563,15.8556,3,product_recommendation,14.3141,1.5415,401
77,M,Loyal,40,4,224.87,3.03,61.37,0.565,3,product_recommendation,0.3,24.3227,0.5837,0.0012,0.0173,24.3399,4,bundle_offer,24.0019,0.338,2343
78,F,Loyal,24,9,376.05,4.25,52.96,0.64,4,bundle_offer,9.0,27.5293,0.9983,0.0028,0.0265,27.5558,3,product_recommendation,21.1973,6.3585,2231
79,M,Champion,11,11,894.74,4.93,80.38,0.774,4,bundle_offer,9.0,58.6808,0.9997,0.0032,0.0282,58.709,3,product_recommendation,50.4917,8.2173,2231
80,F,At-Risk,182,3,110.37,3.88,44.85,0.157,4,bundle_offer,9.0,26.1168,1.0,0.0053,0.0363,26.1532,2,free_shipping,5.7951,20.3581,2231
81,M,Lost,56,1,48.53,2.36,66.85,0.457,3,product_recommendation,0.3,19.7665,0.9343,0.003,0.0272,19.7937,4,bundle_offer,16.9243,2.8694,2343
82,F,Lost,25,1,36.35,2.75,46.83,0.258,4,bundle_offer,9.0,22.6188,0.9999,0.0014,0.019,22.6377,3,product_recommendation,13.6008,9.0369,2231
83,M,Loyal,36,4,230.97,2.43,72.57,0.472,3,product_recommendation,0.3,23.413,0.9939,0.002,0.0221,23.4351,4,bundle_offer,18.0535,5.3816,2343
84,F,At-Risk,151,4,210.38,2.59,63.62,0.126,4,bundle_offer,9.0,15.662,0.9972,0.0036,0.0299,15.6919,2,free_shipping,9.8298,5.8621,2231
85,M,Lost,64,4,150.35,1.66,38.98,0.356,2,free_shipping,4.99,10.5476,0.925,0.0024,0.0244,10.5721,3,product_recommendation,7.901,2.6711,401
86,F,Loyal,43,13,756.24,4.18,68.99,0.642,4,bundle_offer,9.0,34.2061,0.9943,0.0019,0.022,34.2281,3,product_recommendation,29.0622,5.1659,2231
87,M,At-Risk,122,5,284.62,2.92,65.19,0.411,4,bundle_offer,9.0,20.1722,0.9982,0.002,0.0224,20.1946,2,free_shipping,13.3744,6.8202,2231
88,F,Loyal,49,5,260.79,3.92,63.35,0.38,4,bundle_offer,9.0,31.4786,1.0,0.0009,0.0148,31.4934,3,product_recommendation,18.142,13.3514,2231
89,M,Lost,83,7,384.51,3.8,66.45,0.212,4,bundle_offer,9.0,29.4966,1.0,0.002,0.0225,29.5191,2,free_shipping,11.4591,18.06,2231
90,F,Champion,18,11,590.76,4.71,61.47,0.583,4,bundle_offer,9.0,38.1203,1.0,0.0019,0.0217,38.142,3,product_recommendation,26.5593,11.5827,2231
91,M,At-Risk,100,5,195.54,1.7,54.63,0.351,2,free_shipping,4.99,13.1112,0.9989,0.0043,0.0328,13.144,3,product_recommendation,6.2185,6.9255,401
92,F,Loyal,42,4,226.94,4.45,64.06,0.27,4,bundle_offer,9.0,39.0324,1.0,0.0024,0.0247,39.0571,3,product_recommendation,17.3045,21.7526,2231
93,M,Loyal,49,5,260.98,1.01,62.98,0.533,3,product_recommendation,0.3,19.9934,0.9429,0.0029,0.0268,20.0202,2,free_shipping,17.2165,2.8037,2343
94,F,Lost,99,2,84.98,1.0,59.57,0.341,2,free_shipping,4.99,13.5108,0.9879,0.0128,0.0566,13.5674,3,product_recommendation,9.165,4.4024,401
95,M,Loyal,13,7,424.96,2.03,66.9,0.158,4,bundle_offer,9.0,16.5346,0.5802,0.0054,0.0368,16.5714,3,product_recommendation,16.2177,0.3537,2231
96,F,At-Risk,96,5,247.44,4.29,61.43,0.416,4,bundle_offer,9.0,32.8132,1.0,0.0013,0.0179,32.8311,3,product_recommendation,14.2797,18.5514,2231
97,M,Loyal,55,5,247.07,2.58,61.02,0.442,3,product_recommendation,0.3,17.1927,0.5861,0.001,0.0162,17.2089,4,bundle_offer,16.7455,0.4634,2343
98,F,At-Risk,104,7,468.82,3.52,67.97,0.556,4,bundle_offer,9.0,30.4844,0.9994,0.0018,0.0213,30.5057,3,product_recommendation,23.0551,7.4506,2231
99,M,Loyal,9,5,288.52,3.41,83.07,0.547,3,product_recommendation,0.3,30.498,0.9218,0.0031,0.0277,30.5257,4,bundle_offer,28.058,2.4677,2343
100,F,Champion,23,8,607.28,3.43,73.55,0.705,3,product_recommendation,0.3,39.4765,0.9411,0.0014,0.019,39.4956,4,bundle_offer,36.7248,2.7708,2343
101,M,Loyal,21,6,317.82,3.41,68.24,0.526,4,bundle_offer,9.0,26.4338,0.7746,0.0016,0.0203,26.4541,3,product_recommendation,25.2194,1.2347,2231
102,F,Champion,4,9,567.4,3.93,71.02,0.582,4,bundle_offer,9.0,36.4123,0.9688,0.0011,0.0167,36.4289,3,product_recommendation,32.9925,3.4364,2231
103,M,Loyal,2,7,442.95,5.35,73.5,0.759,4,bundle_offer,9.0,50.1951,1.0,0.0034,0.0289,50.2241,3,product_recommendation,39.5264,10.6977,2231
104,F,Lost,73,6,291.41,4.53,61.35,0.587,4,bundle_offer,9.0,34.6032,1.0,0.0019,0.0216,34.6248,3,product_recommendation,20.9164,13.7084,2231
105,M,Champion,28,17,1482.33,5.22,84.14,0.622,4,bundle_offer,9.0,75.6183,1.0,0.0092,0.0481,75.6664,3,product_recommendation,57.0204,18.646,2231
106,F,Loyal,54,6,290.14,3.34,49.5,0.538,4,bundle_offer,9.0,23.7672,0.9956,0.0015,0.0191,23.7863,3,product_recommendation,18.3558,5.4305,2231
107,M,Champion,7,11,520.18,2.96,55.99,0.684,3,product_recommendation,0.3,24.7294,0.9984,0.0025,0.0248,24.7542,2,free_shipping,18.1523,6.6019,2343
108,F,Lost,80,13,853.6,3.23,72.46,0.436,4,bundle_offer,9.0,29.7946,0.9969,0.003,0.0272,29.8218,3,product_recommendation,24.0509,5.7709,2231
109,M,Loyal,45,5,261.84,2.96,66.12,0.363,4,bundle_offer,9.0,21.7963,0.9845,0.0016,0.0199,21.8162,3,product_recommendation,17.6311,4.1851,2231
110,F,Lost,72,5,271.14,2.77,53.03,0.383,4,bundle_offer,9.0,20.1715,0.9976,0.0007,0.013,20.1845,3,product_recommendation,14.0716,6.1129,2231
111,M,Lost,73,6,222.91,2.6,63.0,0.349,2,free_shipping,4.99,14.7793,0.9745,0.007,0.0417,14.821,4,bundle_offer,11.0226,3.7984,401
112,F,At-Risk,223,3,104.33,2.11,40.09,0.383,2,free_shipping,4.99,8.3393,0.9115,0.0277,0.0832,8.4225,4,bundle_offer,6.0889,2.3336,401
113,M,Lost,60,8,316.94,3.45,53.35,0.272,4,bundle_offer,9.0,19.0477,0.9991,0.002,0.0223,19.07,2,free_shipping,12.0128,7.0572,2231
114,F,Lost,21,3,179.81,5.21,92.01,0.629,4,bundle_offer,9.0,46.0913,1.0,0.0053,0.0364,46.1277,3,product_recommendation,35.0511,11.0766,2231
115,M,Lost,71,2,97.87,4.21,60.63,0.417,4,bundle_offer,9.0,34.9264,1.0,0.0023,0.0238,34.9503,3,product_recommendation,17.5459,17.4044,2231
116,F,Lost,74,13,761.27,1.21,57.84,0.352,3,product_recommendation,0.3,13.7092,0.5613,0.0057,0.0378,13.7471,2,free_shipping,13.4684,0.2787,2343
117,M,Lost,127,2,123.68,4.97,75.71,0.593,4,bundle_offer,9.0,41.2449,1.0,0.0048,0.0347,41.2797,3,product_recommendation,21.7113,19.5684,2231
118,F,Lost,53,3,118.09,1.1,43.22,0.285,2,free_shipping,4.99,10.7171,0.9266,0.004,0.0317,10.7488,3,product_recommendation,8.207,2.5418,401
119,M,Loyal,11,5,358.59,2.91,71.79,0.481,3,product_recommendation,0.3,29.6608,0.8276,0.0018,0.021,29.6818,4,bundle_offer,28.1129,1.5689,2343
120,F,Loyal,47,6,302.54,2.79,61.35,0.332,4,bundle_offer,9.0,19.046,0.9817,0.0013,0.018,19.064,3,product_recommendation,14.8625,4.2015,2231
121,M,Lost,62,4,277.01,4.53,80.57,0.316,4,bundle_offer,9.0,41.42,1.0,0.0029,0.0271,41.4471,3,product_recommendation,21.7604,19.6867,2231
122,F,Lost,67,3,95.76,2.69,48.23,0.536,4,bundle_offer,9.0,15.9398,0.6226,0.0028,0.0266,15.9664,3,product_recommendation,15.3126,0.6538,2231
123,M,Loyal,7,7,327.57,2.82,59.92,0.643,3,product_recommendation,0.3,25.8341,0.9993,0.0013,0.0183,25.8524,4,bundle_offer,17.8445,8.0079,2343
124,F,Loyal,32,8,419.85,2.56,55.99,0.444,3,product_recommendation,0.3,18.5894,0.8204,0.0006,0.0122,18.6016,4,bundle_offer,17.0259,1.5757,2343
125,M,At-Risk,159,5,205.33,1.4,49.05,0.456,2,free_shipping,4.99,12.5804,0.9999,0.0096,0.0491,12.6295,3,product_recommendation,3.2654,9.3641,401
126,F,Loyal,11,4,277.99,4.04,76.06,0.671,4,bundle_offer,9.0,37.6607,0.8748,0.0038,0.0307,37.6914,3,product_recommendation,35.7471,1.9443,2231
127,M,Lost,73,8,409.49,2.95,59.43,0.516,4,bundle_offer,9.0,18.5829,0.7712,0.0016,0.02,18.6029,3,product_recommendation,17.2972,1.3057,2231
128,F,Loyal,45,6,340.25,4.33,54.91,0.343,4,bundle_offer,9.0,37.5296,1.0,0.0014,0.0188,37.5484,3,product_recommendation,17.5922,19.9562,2231
129,M,Loyal,53,10,459.66,4.15,58.98,0.419,4,bundle_offer,9.0,27.1935,1.0,0.0018,0.0212,27.2147,3,product_recommendation,14.145,13.0697,2231
130,F,Champion,5,9,545.91,1.0,58.29,0.652,3,product_recommendation,0.3,29.4311,1.0,0.0042,0.0323,29.4634,2,free_shipping,17.7921,11.6713,2343
131,M,Loyal,37,4,206.3,2.37,60.04,0.499,3,product_recommendation,0.3,20.9985,0.9869,0.0009,0.0151,21.0136,4,bundle_offer,16.408,4.6056,2343
132,F,Loyal,55,4,175.34,2.76,44.46,0.552,4,bundle_offer,9.0,18.4459,0.7349,0.0025,0.025,18.4709,3,product_recommendation,17.4409,1.03,2231
133,M,Champion,29,11,581.5,3.78,69.91,0.589,4,bundle_offer,9.0,27.2277,0.8236,0.0017,0.0209,27.2485,3,product_recommendation,25.7073,1.5412,2231
134,F,Loyal,41,10,422.43,1.79,50.66,0.411,2,free_shipping,4.99,14.8448,0.9929,0.0063,0.0397,14.8844,3,product_recommendation,9.9041,4.9803,401
135,M,Loyal,42,6,303.96,2.39,60.72,0.668,3,product_recommendation,0.3,24.7376,0.9992,0.0013,0.0181,24.7557,2,free_shipping,17.626,7.1297,2343
136,F,Champion,6,15,1062.6,4.76,77.06,0.592,4,bundle_offer,9.0,52.9563,1.0,0.003,0.0273,52.9836,3,product_recommendation,41.962,11.0216,2231
137,M,Champion,17,13,1045.04,3.97,77.14,0.914,3,product_recommendation,0.3,54.3661,0.9808,0.0063,0.0397,54.4057,4,bundle_offer,50.473,3.9327,2343
138,F,Loyal,6,5,219.87,3.03,51.72,0.348,4,bundle_offer,9.0,21.9232,0.9948,0.0011,0.0164,21.9396,3,product_recommendation,16.665,5.2746,2231
139,M,Lost,63,8,469.2,1.97,59.7,0.66,3,product_recommendation,0.3,24.4702,0.9995,0.0021,0.023,24.4932,2,free_shipping,16.7875,7.7057,2343
140,F,Champion,19,9,639.02,3.48,86.42,0.936,3,product_recommendation,0.3,47.2938,1.0,0.003,0.0272,47.321,4,bundle_offer,34.3607,12.9603,2343
141,M,Lost,79,7,436.58,2.4,81.53,0.495,3,product_recommendation,0.3,23.0188,0.9902,0.0026,0.0253,23.044,2,free_shipping,18.0227,5.0213,2343
142,F,Loyal,1,7,492.64,5.37,76.71,0.472,4,bundle_offer,9.0,54.0968,1.0,0.0028,0.0267,54.1234,3,product_recommendation,34.1412,19.9822,2231
143,M,Loyal,38,9,551.27,2.4,68.52,0.527,3,product_recommendation,0.3,25.7543,0.9988,0.0009,0.0148,25.7691,4,bundle_offer,18.9148,6.8543,2343
144,F,Loyal,22,4,170.18,1.8,52.04,0.65,3,product_recommendation,0.3,23.3495,0.9987,0.0022,0.0233,23.3728,2,free_shipping,16.6974,6.6754,2343
145,M,Lost,59,2,111.51,4.01,75.61,0.307,4,bundle_offer,9.0,33.643,1.0,0.0034,0.0289,33.6719,3,product_recommendation,18.1524,15.5195,2231
146,F,Loyal,56,8,473.76,4.84,60.63,0.594,4,bundle_offer,9.0,42.2992,1.0,0.0019,0.022,42.3212,3,product_recommendation,26.0885,16.2327,2231
147,M,Loyal,33,13,716.75,2.2,67.46,0.557,3,product_recommendation,0.3,23.6057,0.9963,0.0026,0.0257,23.6313,2,free_shipping,18.0438,5.5875,2343
148,F,Lost,86,7,619.6,3.43,88.19,0.322,4,bundle_offer,9.0,39.325,1.0,0.004,0.0315,39.3565,3,product_recommendation,28.1077,11.2488,2231
149,M,Loyal,34,5,253.48,2.63,59.78,0.359,4,bundle_offer,9.0,18.6093,0.8463,0.0014,0.0188,18.628,3,product_recommendation,16.885,1.743,2231
150,F,Loyal,54,7,488.83,4.29,73.31,0.723,4,bundle_offer,9.0,40.6604,0.9968,0.0025,0.0248,40.6852,3,product_recommendation,34.9524,5.7328,2231
151,M,Champion,24,9,623.41,3.89,74.2,0.59,4,bundle_offer,9.0,38.7333,0.9855,0.001,0.016,38.7493,3,product_recommendation,34.5335,4.2158,2231
152,F,Champion,21,9,540.8,4.98,73.1,0.48,4,bundle_offer,9.0,44.9478,1.0,0.0014,0.0185,44.9663,3,product_recommendation,28.404,16.5623,2231
153,M,Lost,64,6,360.32,2.94,69.63,0.429,4,bundle_offer,9.0,23.0544,0.9415,0.0016,0.0197,23.0741,3,product_recommendation,20.2903,2.7838,2231
154,F,Champion,16,9,740.58,4.12,73.69,0.619,4,bundle_offer,9.0,48.8216,0.999,0.0019,0.0215,48.8432,3,product_recommendation,41.9169,6.9263,2231
155,M,Champion,9,8,671.88,4.82,90.42,0.515,4,bundle_offer,9.0,55.0306,1.0,0.0029,0.0268,55.0573,3,product_recommendation,42.0995,12.9578,2231
156,F,Loyal,8,7,551.61,4.43,77.92,0.648,4,bundle_offer,9.0,47.605,0.9989,0.0021,0.023,47.628,3,product_recommendation,40.8355,6.7925,2231
157,M,At-Risk,131,5,250.72,3.93,56.64,0.405,4,bundle_offer,9.0,28.4387,1.0,0.002,0.0224,28.4611,2,free_shipping,11.2721,17.189,2231
158,F,Loyal,43,9,522.81,2.49,63.05,0.432,3,product_recommendation,0.3,20.4091,0.8879,0.0009,0.0153,20.4244,4,bundle_offer,18.3285,2.0959,2343
159,M,Lost,90,5,266.71,4.85,61.57,0.462,4,bundle_offer,9.0,39.8473,1.0,0.0021,0.0231,39.8704,3,product_recommendation,17.6199,22.2505,2231
160,F,Lost,75,3,146.93,2.4,54.91,0.404,4,bundle_offer,9.0,15.9446,0.8569,0.0018,0.0211,15.9657,3,product_recommendation,13.936,2.0297,2231
161,M,Lost,56,3,89.63,2.25,34.12,0.254,4,bundle_offer,9.0,12.8013,0.99,0.0005,0.0114,12.8126,2,free_shipping,8.1326,4.68,2231
162,F,Loyal,40,6,233.92,1.54,56.69,0.338,2,free_shipping,4.99,14.5968,0.9831,0.0082,0.0454,14.6422,3,product_recommendation,10.5784,4.0638,401
163,M,Champion,28,9,556.4,2.89,67.65,0.394,4,bundle_offer,9.0,24.8922,0.826,0.0017,0.0206,24.9128,3,product_recommendation,23.3554,1.5574,2231
164,F,Loyal,57,6,367.16,3.79,71.52,0.633,4,bundle_offer,9.0,31.8348,0.9737,0.0019,0.0218,31.8566,3,product_recommendation,28.245,3.6116,2231
165,M,Lost,79,2,115.13,3.63,71.13,0.186,4,bundle_offer,9.0,29.8273,1.0,0.0034,0.0293,29.8565,3,product_recommendation,11.962,17.8945,2231
166,F,Loyal,16,4,221.83,3.32,56.86,0.512,4,bundle_offer,9.0,27.9055,0.9704,0.0015,0.0197,27.9251,3,product_recommendation,24.4345,3.4906,2231
167,M,Lost,9,2,84.66,2.1,55.47,0.595,3,product_recommendation,0.3,25.1524,0.9999,0.0025,0.0252,25.1776,2,free_shipping,16.1626,9.015,2343
168,F,At-Risk,105,9,289.44,2.38,49.31,0.578,2,free_shipping,4.99,16.1802,1.0,0.009,0.0473,16.2275,3,product_recommendation,5.5861,10.6414,401
169,M,Lost,75,6,509.27,3.19,87.19,0.467,4,bundle_offer,9.0,33.7828,0.967,0.0036,0.0302,33.813,3,product_recommendation,30.436,3.377,2231
170,F,Loyal,10,6,227.86,2.78,54.22,0.522,3,product_recommendation,0.3,19.1083,0.9418,0.0013,0.0182,19.1266,2,free_shipping,15.8622,3.2644,2343
171,M,Loyal,51,6,247.62,3.71,61.02,0.762,3,product_recommendation,0.3,25.1277,0.7867,0.0033,0.0288,25.1565,4,bundle_offer,23.8469,1.3096,2343
172,F,Lost,77,8,329.68,2.33,45.22,0.397,2,free_shipping,4.99,12.3571,0.982,0.0033,0.0286,12.3858,4,bundle_offer,8.04,4.3458,401
173,M,Lost,16,2,93.09,2.42,52.98,0.478,3,product_recommendation,0.3,21.4101,0.9469,0.0015,0.0193,21.4294,4,bundle_offer,18.5383,2.8911,2343
174,F,Loyal,54,7,346.29,2.18,57.26,0.424,3,product_recommendation,0.3,15.0713,0.6633,0.001,0.0154,15.0868,2,free_shipping,14.3496,0.7372,2343
175,M,Loyal,11,7,410.45,4.31,71.16,0.619,4,bundle_offer,9.0,37.6455,0.9973,0.0015,0.0192,37.6647,3,product_recommendation,31.7711,5.8936,2231
176,F,Lost,88,6,239.79,2.19,61.81,0.147,2,free_shipping,4.99,12.0854,0.985,0.0172,0.0656,12.151,4,bundle_offer,7.9399,4.2111,401
177,M,Loyal,26,6,357.02,3.51,78.22,0.759,3,product_recommendation,0.3,35.0149,0.9981,0.0016,0.02,35.0349,4,bundle_offer,28.7903,6.2446,2343
178,F,At-Risk,98,6,371.97,3.45,76.02,0.451,4,bundle_offer,9.0,27.4613,0.9995,0.0016,0.0202,27.4815,3,product_recommendation,19.7793,7.7022,2231
179,M,Lost,63,4,183.72,2.85,64.64,0.187,4,bundle_offer,9.0,19.4032,0.9993,0.0026,0.0255,19.4287,2,free_shipping,12.0898,7.3389,2231
180,F,Champion,18,9,512.76,3.84,63.37,0.57,4,bundle_offer,9.0,31.9393,0.9886,0.0009,0.0153,31.9546,3,product_recommendation,27.4943,4.4603,2231
181,M,Loyal,41,5,202.17,1.8,50.23,0.577,3,product_recommendation,0.3,17.9611,0.9141,0.0014,0.019,17.9801,2,free_shipping,15.6157,2.3644,2343
182,F,At-Risk,92,5,345.63,5.46,79.44,0.337,4,bundle_offer,9.0,50.4095,1.0,0.0034,0.0289,50.4384,3,product_recommendation,20.8022,29.6362,2231
183,M,Champion,24,11,599.54,3.49,63.23,0.552,4,bundle_offer,9.0,26.0284,0.792,0.0016,0.0202,26.0487,3,product_recommendation,24.7117,1.337,2231
184,F,Loyal,11,7,457.04,2.5,71.26,0.57,3,product_recommendation,0.3,31.0062,0.9998,0.0014,0.0189,31.0251,4,bundle_offer,22.3267,8.6984,2343
185,M,Lost,44,1,30.26,1.09,37.22,0.259,2,free_shipping,4.99,8.9639,0.5658,0.0043,0.0329,8.9967,3,product_recommendation,8.7014,0.2953,401
186,F,At-Risk,151,3,149.29,1.59,62.97,0.384,2,free_shipping,4.99,13.4282,0.9983,0.0109,0.0521,13.4803,3,product_recommendation,6.9985,6.4818,401
187,M,Lost,72,5,301.82,3.29,69.22,0.282,4,bundle_offer,9.0,26.8251,1.0,0.0016,0.0198,26.8449,3,product_recommendation,15.478,11.3669,2231
188,F,Lost,51,2,107.91,3.3,62.65,0.358,4,bundle_offer,9.0,27.0068,0.9999,0.0019,0.0217,27.0285,3,product_recommendation,17.6421,9.3864,2231
189,M,Champion,28,13,688.11,3.79,76.68,0.708,3,product_recommendation,0.3,29.85,0.9821,0.0017,0.0206,29.8706,4,bundle_offer,25.8578,4.0128,2343
190,F,Loyal,17,4,278.93,3.76,75.79,0.704,3,product_recommendation,0.3,35.8937,0.7826,0.0024,0.0247,35.9185,4,bundle_offer,34.6374,1.2811,2343
191,M,Loyal,31,9,712.29,3.18,89.01,0.592,3,product_recommendation,0.3,39.8155,0.9739,0.0026,0.0255,39.841,4,bundle_offer,36.2204,3.6206,2343
192,F,Loyal,15,9,357.83,2.38,45.74,0.562,3,product_recommendation,0.3,16.1248,0.6136,0.0022,0.0233,16.1481,2,free_shipping,15.6844,0.4637,2343
193,M,Loyal,41,4,226.53,2.32,74.31,0.803,3,product_recommendation,0.3,32.565,1.0,0.0036,0.03,32.595,2,free_shipping,21.2512,11.3438,2343
194,F,Lost,26,2,60.72,3.03,37.92,0.421,4,bundle_offer,9.0,23.2188,0.9995,0.0018,0.0209,23.2397,3,product_recommendation,15.5775,7.6622,2231
195,M,Champion,18,9,428.13,2.37,65.02,0.61,3,product_recommendation,0.3,23.5119,0.9905,0.0014,0.0188,23.5307,2,free_shipping,18.8819,4.6488,2343
196,F,Loyal,56,16,688.57,2.41,47.22,0.504,2,free_shipping,4.99,15.925,0.9971,0.0188,0.0685,15.9935,0,no_action,9.8814,6.1121,401
197,M,Champion,3,12,432.49,1.89,52.28,0.591,2,free_shipping,4.99,19.2005,0.9953,0.0158,0.0628,19.2633,3,product_recommendation,13.9004,5.3629,401
198,F,Loyal,8,4,191.05,3.21,60.79,0.534,4,bundle_offer,9.0,24.8306,0.5101,0.0023,0.0237,24.8543,3,product_recommendation,24.8138,0.0405,2231
199,M,At-Risk,133,4,149.9,1.0,45.35,0.491,2,free_shipping,4.99,12.8911,0.9991,0.0104,0.0511,12.9422,3,product_recommendation,5.8763,7.0659,401
200,F,Loyal,26,4,263.28,6.08,82.94,0.474,4,bundle_offer,9.0,57.0774,1.0,0.005,0.0355,57.1129,3,product_recommendation,30.7328,26.3801,2231
201,M,At-Risk,221,4,155.08,3.14,51.03,0.466,4,bundle_offer,9.0,15.2288,0.9887,0.0079,0.0443,15.2731,2,free_shipping,10.8039,4.4692,2231
202,F,Loyal,36,7,488.11,2.31,71.02,0.612,3,product_recommendation,0.3,31.2359,0.9999,0.0013,0.0179,31.2538,4,bundle_offer,21.4538,9.8,2343
203,M,Loyal,12,4,191.97,2.76,53.52,0.231,4,bundle_offer,9.0,21.2255,0.9991,0.0016,0.02,21.2455,3,product_recommendation,14.1725,7.073,2231
204,F,At-Risk,99,10,661.43,3.08,71.85,0.445,4,bundle_offer,9.0,26.9401,0.9961,0.002,0.0226,26.9627,3,product_recommendation,21.4156,5.5471,2231
205,M,Lost,70,7,379.63,2.0,60.05,0.368,3,product_recommendation,0.3,13.8367,0.519,0.0017,0.0207,13.8574,2,free_shipping,13.6944,0.163,2343
206,F,Loyal,41,11,475.23,4.11,52.66,0.454,4,bundle_offer,9.0,24.5644,1.0,0.0029,0.0269,24.5913,2,free_shipping,14.0876,10.5037,2231
207,M,Champion,21,8,523.98,3.64,73.61,0.637,3,product_recommendation,0.3,33.8382,0.5292,0.0008,0.014,33.8522,4,bundle_offer,33.7353,0.1169,2343
208,F,Loyal,9,5,253.96,2.73,67.43,0.34,4,bundle_offer,9.0,20.1554,0.5715,0.003,0.0276,20.183,3,product_recommendation,19.8866,0.2964,2231
209,M,Loyal,55,6,374.43,4.53,72.37,0.47,4,bundle_offer,9.0,40.2299,1.0,0.001,0.0156,40.2455,3,product_recommendation,24.8034,15.4421,2231
210,F,Champion,8,8,528.01,5.32,75.75,0.797,4,bundle_offer,9.0,51.0609,0.9999,0.0032,0.0282,51.0891,3,product_recommendation,41.7165,9.3726,2231
211,M,Lost,70,6,241.95,1.88,53.43,0.441,2,free_shipping,4.99,14.4009,0.9676,0.0033,0.0289,14.4297,3,product_recommendation,11.0281,3.4016,401
212,F,Loyal,20,6,311.25,1.41,56.67,0.707,3,product_recommendation,0.3,26.7915,0.9998,0.003,0.0274,26.8189,2,free_shipping,18.3041,8.5148,2343
213,M,Loyal,30,8,565.61,5.25,70.35,0.604,4,bundle_offer,9.0,52.7233,1.0,0.0021,0.0227,52.7459,3,product_recommendation,35.0148,17.7311,2231
214,F,Lost,60,8,251.31,1.93,38.06,0.278,2,free_shipping,4.99,11.2328,0.9981,0.0057,0.0377,11.2705,1,discount_10,4.8058,6.4647,401
215,M,Champion,20,9,525.59,3.91,56.71,0.784,4,bundle_offer,9.0,33.2712,0.5106,0.0037,0.0305,33.3017,3,product_recommendation,33.2593,0.0424,2231
216,F,Loyal,11,7,523.24,4.3,89.78,0.704,4,bundle_offer,9.0,43.6203,0.764,0.0033,0.0287,43.649,3,product_recommendation,42.4742,1.1748,2231
217,M,Loyal,5,6,242.24,2.71,59.21,0.639,3,product_recommendation,0.3,24.3608,0.998,0.0018,0.021,24.3818,2,free_shipping,18.1048,6.277,2343
218,F,Loyal,11,5,214.19,1.0,49.3,0.263,2,free_shipping,4.99,12.5989,0.7911,0.0111,0.0527,12.6516,3,product_recommendation,11.319,1.3326,401
219,M,Champion,14,9,415.03,2.4,61.0,0.537,3,product_recommendation,0.3,20.5425,0.9561,0.0014,0.0187,20.5612,2,free_shipping,17.4788,3.0824,2343
220,F,Loyal,41,9,797.82,4.48,100.3,0.611,4,bundle_offer,9.0,53.9502,0.9995,0.0036,0.0299,53.98,3,product_recommendation,46.4366,7.5434,2231
221,M,Loyal,18,6,211.3,2.86,55.42,0.484,3,product_recommendation,0.3,16.7112,0.6612,0.0014,0.0189,16.7301,2,free_shipping,15.6927,1.0374,2343
222,F,Loyal,15,7,433.4,3.73,78.56,0.571,4,bundle_offer,9.0,32.7967,0.753,0.0021,0.0227,32.8193,3,product_recommendation,31.7044,1.1149,2231
223,M,Loyal,41,7,231.3,3.18,50.77,0.307,4,bundle_offer,9.0,15.3834,0.934,0.0019,0.0216,15.405,2,free_shipping,12.742,2.663,2231
224,F,Champion,10,10,632.86,3.27,72.58,0.703,3,product_recommendation,0.3,35.9881,0.9985,0.0012,0.0172,36.0053,4,bundle_offer,29.479,6.5263,2343
225,M,Lost,71,8,383.95,2.01,60.09,0.522,2,free_shipping,4.99,16.2015,0.6321,0.0054,0.0368,16.2383,3,product_recommendation,15.6967,0.5416,401
226,F,Lost,39,3,130.62,2.78,51.98,0.383,4,bundle_offer,9.0,20.1928,0.9884,0.0011,0.0164,20.2093,3,product_recommendation,15.7332,4.4761,2231
227,M,Loyal,32,10,757.27,3.07,73.07,0.871,3,product_recommendation,0.3,44.787,1.0,0.0036,0.0302,44.8171,4,bundle_offer,34.2806,10.5365,2343
228,F,Champion,12,8,468.43,3.3,64.94,0.521,4,bundle_offer,9.0,27.7046,0.669,0.0011,0.0169,27.7215,3,product_recommendation,27.018,0.7035,2231
229,M,Loyal,52,5,238.0,3.95,66.17,0.718,4,bundle_offer,9.0,29.3164,0.9062,0.0035,0.0296,29.346,3,product_recommendation,27.0779,2.2681,2231
230,F,At-Risk,170,3,147.13,2.05,55.68,0.382,2,free_shipping,4.99,11.447,0.9075,0.0107,0.0517,11.4987,4,bundle_offer,9.2071,2.2916,401
231,M,Loyal,30,4,308.57,5.36,85.17,0.498,4,bundle_offer,9.0,52.3404,1.0,0.0037,0.0303,52.3708,3,product_recommendation,32.9508,19.42,2231
232,F,Lost,18,3,136.39,3.42,55.55,0.51,4,bundle_offer,9.0,27.327,0.9901,0.002,0.0224,27.3494,3,product_recommendation,22.7448,4.6046,2231
233,M,Champion,29,8,617.22,3.14,85.61,0.628,3,product_recommendation,0.3,38.6996,0.9931,0.0019,0.022,38.7215,4,bundle_offer,33.7568,4.9647,2343
234,F,Champion,25,8,499.64,2.64,69.36,0.483,3,product_recommendation,0.3,26.2908,0.9798,0.0009,0.0147,26.3055,4,bundle_offer,22.4198,3.8857,2343
235,M,Loyal,54,6,283.6,3.65,60.67,0.457,4,bundle_offer,9.0,26.1099,0.9998,0.0007,0.0134,26.1234,3,product_recommendation,17.6064,8.517,2231
236,F,Lost,79,10,347.99,2.89,42.83,0.513,2,free_shipping,4.99,14.1949,0.9982,0.0112,0.0528,14.2477,1,discount_10,7.2019,7.0458,401
237,M,Champion,16,14,955.2,2.48,67.88,0.57,3,product_recommendation,0.3,34.5999,0.9995,0.0039,0.0312,34.6311,4,bundle_offer,26.9362,7.6949,2343
238,F,Lost,24,3,153.78,3.34,65.85,0.519,4,bundle_offer,9.0,26.8697,0.8943,0.0026,0.0256,26.8953,3,product_recommendation,24.7602,2.1351,2231
239,M,Lost,240,2,114.99,3.38,79.03,0.133,4,bundle_offer,9.0,21.5088,1.0,0.008,0.0448,21.5536,2,free_shipping,10.649,10.9046,2231
240,F,Lost,80,4,251.65,3.09,73.61,0.321,4,bundle_offer,9.0,24.8605,0.9997,0.0024,0.0243,24.8848,3,product_recommendation,16.7232,8.1616,2231
241,M,Loyal,59,9,566.65,3.09,81.55,0.569,3,product_recommendation,0.3,28.3369,0.9481,0.0011,0.0168,28.3537,4,bundle_offer,25.4479,2.9058,2343
242,F,Lost,71,8,342.19,4.65,61.15,0.462,4,bundle_offer,9.0,31.688,1.0,0.0015,0.0196,31.7076,3,product_recommendation,14.4074,17.3002,2231
243,M,Lost,85,6,339.7,2.15,67.92,0.422,3,product_recommendation,0.3,16.1946,0.7114,0.0024,0.0245,16.2191,2,free_shipping,15.2011,1.018,2343
244,F,Loyal,48,4,296.66,2.39,73.92,0.497,3,product_recommendation,0.3,26.3835,0.9938,0.002,0.0222,26.4057,4,bundle_offer,21.3238,5.0819,2343
245,M,At-Risk,170,3,108.71,2.4,45.7,0.202,4,bundle_offer,9.0,11.1951,0.9688,0.0032,0.0284,11.2236,2,free_shipping,7.7868,3.4368,2231
246,F,Champion,20,18,1132.82,3.98,71.44,0.514,4,bundle_offer,9.0,37.8732,0.9975,0.0058,0.0381,37.9113,3,product_recommendation,31.9151,5.9962,2231
247,M,Lost,8,3,144.73,3.91,73.95,0.427,4,bundle_offer,9.0,32.4279,0.9995,0.0034,0.0292,32.4571,3,product_recommendation,24.821,7.6361,2231
248,F,Loyal,39,5,220.15,1.52,52.91,0.199,2,free_shipping,4.99,11.6597,0.9693,0.0101,0.0503,11.71,3,product_recommendation,8.1565,3.5535,401
249,M,Loyal,47,6,333.5,4.66,64.29,0.397,4,bundle_offer,9.0,39.7842,1.0,0.0014,0.0184,39.8027,3,product_recommendation,20.3433,19.4594,2231
250,F,Loyal,52,4,133.35,1.11,44.99,0.394,2,free_shipping,4.99,12.9422,0.9635,0.0053,0.0363,12.9785,3,product_recommendation,9.7038,3.2747,401
251,M,Loyal,35,8,593.2,3.85,83.4,0.492,4,bundle_offer,9.0,39.6351,0.9982,0.0017,0.0207,39.6559,3,product_recommendation,33.3292,6.3267,2231
252,F,Champion,27,8,463.66,3.58,67.71,0.629,4,bundle_offer,9.0,29.3557,0.5392,0.0015,0.0195,29.3752,3,product_recommendation,29.2182,0.157,2231
253,M,Lost,7,1,40.88,1.71,57.8,0.34,3,product_recommendation,0.3,18.5688,0.9908,0.0032,0.0284,18.5972,2,free_shipping,13.7175,4.8797,2343
254,F,Champion,17,10,538.35,3.15,59.57,0.681,3,product_recommendation,0.3,28.0895,0.9956,0.0014,0.0188,28.1083,4,bundle_offer,22.6821,5.4262,2343
255,M,Champion,4,18,1532.39,4.35,81.79,0.576,4,bundle_offer,9.0,67.1287,1.0,0.0092,0.0479,67.1767,3,product_recommendation,56.4061,10.7706,2231
256,F,Loyal,40,5,283.33,3.82,67.59,0.377,4,bundle_offer,9.0,31.9981,1.0,0.0011,0.0169,32.015,3,product_recommendation,20.5137,11.5013,2231
257,M,Loyal,57,4,188.13,1.12,62.32,0.546,3,product_recommendation,0.3,18.9008,0.8477,0.0029,0.0271,18.9279,2,free_shipping,17.211,1.7169,2343
258,F,Loyal,34,6,366.4,4.71,74.44,0.399,4,bundle_offer,9.0,42.3151,1.0,0.0017,0.0207,42.3358,3,product_recommendation,24.7407,17.5951,2231
259,M,Loyal,11,6,397.28,3.93,68.14,0.459,4,bundle_offer,9.0,37.3213,0.9999,0.0011,0.0168,37.3382,3,product_recommendation,28.4706,8.8676,2231
260,F,Lost,57,3,116.6,4.44,53.84,0.342,4,bundle_offer,9.0,35.5899,1.0,0.0023,0.0239,35.6138,3,product_recommendation,13.9525,21.6613,2231
261,M,At-Risk,121,10,594.85,2.71,64.07,0.632,3,product_recommendation,0.3,20.1194,0.8693,0.0064,0.0402,20.1595,4,bundle_offer,18.1715,1.988,2343
262,F,Loyal,34,10,424.76,3.81,52.21,0.481,4,bundle_offer,9.0,22.3491,0.9991,0.0022,0.0236,22.3727,3,product_recommendation,14.7054,7.6673,2231
263,M,Lost,68,7,311.33,2.35,52.08,0.462,2,free_shipping,4.99,13.9362,0.7715,0.0033,0.0289,13.9651,3,product_recommendation,12.6017,1.3634,401
264,F,Champion,26,10,429.6,2.4,54.78,0.577,3,product_recommendation,0.3,17.5974,0.5947,0.0019,0.0218,17.6192,2,free_shipping,17.2357,0.3835,2343
265,M,Loyal,25,4,188.14,3.48,61.76,0.466,4,bundle_offer,9.0,26.9194,0.9956,0.0015,0.0193,26.9387,3,product_recommendation,21.5063,5.4324,2231
266,F,At-Risk,130,5,375.27,3.71,76.63,0.497,4,bundle_offer,9.0,32.9754,1.0,0.0026,0.0255,33.0008,3,product_recommendation,21.4605,11.5403,2231
267,M,Champion,1,11,477.52,4.36,57.8,0.692,4,bundle_offer,9.0,27.8176,0.9463,0.0036,0.03,27.8477,3,product_recommendation,24.9772,2.8705,2231
268,F,Lost,48,3,173.34,1.0,69.17,0.293,3,product_recommendation,0.3,15.3299,0.552,0.0049,0.0351,15.3651,2,free_shipping,15.1565,0.2086,2343
269,M,At-Risk,186,6,272.33,1.24,47.16,0.593,2,free_shipping,4.99,13.4926,0.9998,0.0203,0.0713,13.5639,3,product_recommendation,4.8283,8.7356,401
270,F,Champion,24,10,594.62,3.59,64.0,0.662,3,product_recommendation,0.3,30.6573,0.5823,0.0012,0.0171,30.6744,4,bundle_offer,30.342,0.3324,2343
271,M,Champion,6,10,423.21,3.02,57.81,0.634,3,product_recommendation,0.3,21.7833,0.9685,0.0023,0.024,21.8073,2,free_shipping,18.3605,3.4468,2343
272,F,Loyal,45,7,431.95,5.0,82.02,0.505,4,bundle_offer,9.0,44.5918,1.0,0.0013,0.0182,44.61,3,product_recommendation,28.586,16.024,2231
273,M,Lost,48,2,79.84,3.25,55.06,0.492,4,bundle_offer,9.0,24.8917,0.9964,0.0022,0.0237,24.9155,3,product_recommendation,19.2971,5.6184,2231
274,F,Loyal,11,4,181.56,2.36,55.54,0.343,3,product_recommendation,0.3,16.9584,0.6768,0.0014,0.0188,16.9772,4,bundle_offer,16.1828,0.7944,2343
275,M,Loyal,55,8,366.51,2.63,52.71,0.403,4,bundle_offer,9.0,13.7806,0.522,0.0015,0.0193,13.7998,2,free_shipping,13.4336,0.3662,2231
276,F,Lost,78,5,198.18,2.31,57.76,0.355,2,free_shipping,4.99,13.5358,0.9427,0.0046,0.0339,13.5697,4,bundle_offer,10.4441,3.1256,401
277,M,Loyal,45,7,344.46,4.41,66.12,0.433,4,bundle_offer,9.0,33.9562,1.0,0.001,0.0155,33.9717,3,product_recommendation,19.3691,14.6026,2231
278,F,Loyal,37,9,513.39,3.35,70.81,0.642,3,product_recommendation,0.3,28.5423,0.9391,0.0006,0.0121,28.5544,4,bundle_offer,25.8178,2.7366,2343
279,M,Loyal,13,6,408.84,3.22,79.87,0.469,3,product_recommendation,0.3,30.2419,0.5267,0.0024,0.0246,30.2665,4,bundle_offer,30.1596,0.1069,2343
280,F,Lost,50,3,226.97,2.27,72.1,0.49,3,product_recommendation,0.3,25.0375,0.9958,0.0023,0.024,25.0616,4,bundle_offer,19.5532,5.5084,2343
281,M,Loyal,31,9,468.25,4.85,66.23,0.626,4,bundle_offer,9.0,38.6599,1.0,0.0015,0.0193,38.6791,3,product_recommendation,27.1011,11.578,2231
282,F,Lost,64,12,699.51,2.52,75.98,0.445,3,product_recommendation,0.3,20.9897,0.965,0.0029,0.027,21.0167,2,free_shipping,17.0719,3.9448,2343
283,M,Loyal,27,8,356.43,2.57,61.7,0.43,3,product_recommendation,0.3,16.4311,0.5955,0.0013,0.0182,16.4492,2,free_shipping,16.0153,0.4339,2343
284,F,Lost,65,9,567.93,4.67,67.81,0.64,4,bundle_offer,9.0,41.9477,1.0,0.0015,0.0192,41.9669,3,product_recommendation,29.2867,12.6802,2231
285,M,Loyal,58,4,214.52,3.03,62.71,0.782,3,product_recommendation,0.3,28.7025,0.9985,0.0034,0.0294,28.7318,4,bundle_offer,22.1864,6.5454,2343
286,F,Loyal,29,8,368.84,2.12,61.02,0.637,3,product_recommendation,0.3,22.3964,0.981,0.0014,0.0187,22.4151,2,free_shipping,18.4699,3.9452,2343
287,M,Loyal,41,6,177.48,2.0,37.44,0.521,2,free_shipping,4.99,13.5113,0.9486,0.01,0.0499,13.5612,3,product_recommendation,10.6383,2.9229,401
288,F,Loyal,2,7,395.19,4.69,70.24,0.413,4,bundle_offer,9.0,41.3546,1.0,0.0021,0.0227,41.3772,3,product_recommendation,26.0518,15.3254,2231
289,M,Loyal,37,9,506.49,4.14,62.01,0.556,4,bundle_offer,9.0,34.0496,0.9999,0.0008,0.0145,34.0642,3,product_recommendation,25.1009,8.9633,2231
290,F,Loyal,55,7,672.5,3.13,84.56,0.536,4,bundle_offer,9.0,40.4213,0.8177,0.004,0.0314,40.4528,3,product_recommendation,38.9522,1.5006,2231
291,M,Loyal,56,6,416.24,2.33,77.92,0.22,4,bundle_offer,9.0,20.737,0.918,0.0052,0.0359,20.7729,3,product_recommendation,18.3451,2.4278,2231
292,F,Loyal,36,6,405.66,2.2,76.0,0.726,3,product_recommendation,0.3,34.01,1.0,0.0025,0.0249,34.0349,2,free_shipping,20.0444,13.9905,2343
293,M,Loyal,52,7,434.11,3.7,75.35,0.484,4,bundle_offer,9.0,31.6403,0.9983,0.0011,0.0163,31.6565,3,product_recommendation,25.2943,6.3622,2231
294,F,At-Risk,240,3,64.62,1.0,34.82,0.359,2,free_shipping,4.99,8.2405,0.9999,0.034,0.0921,8.3327,0,no_action,-1.5737,9.9064,401
295,M,Loyal,27,5,300.88,2.91,64.14,0.389,4,bundle_offer,9.0,24.4457,0.9465,0.0014,0.0187,24.4644,3,product_recommendation,21.5911,2.8733,2231
296,F,Lost,74,9,686.03,2.65,82.13,0.422,4,bundle_offer,9.0,28.382,0.5597,0.0038,0.0306,28.4127,3,product_recommendation,28.1728,0.2399,2231
297,M,Lost,22,2,65.85,1.6,44.27,0.322,3,product_recommendation,0.3,12.9737,0.8296,0.001,0.0154,12.9891,2,free_shipping,11.3081,1.681,2343
298,F,Loyal,39,8,298.73,4.23,39.57,0.544,4,bundle_offer,9.0,26.6431,1.0,0.0038,0.0307,26.6739,3,product_recommendation,14.0637,12.6102,2231
299,M,Lost,61,11,671.31,3.1,71.98,0.524,4,bundle_offer,9.0,25.0088,0.5258,0.0021,0.0228,25.0316,3,product_recommendation,24.9281,0.1035,2231
300,F,At-Risk,92,7,408.72,2.12,65.67,0.527,3,product_recommendation,0.3,18.8053,0.9505,0.0027,0.0258,18.831,2,free_shipping,15.8192,3.0118,2343
301,M,Loyal,45,7,397.45,3.4,68.66,0.44,4,bundle_offer,9.0,26.9165,0.9951,0.0009,0.0153,26.9318,3,product_recommendation,21.6204,5.3114,2231
302,F,At-Risk,152,7,351.67,2.05,62.98,0.286,2,free_shipping,4.99,12.4637,0.9946,0.0116,0.0539,12.5176,4,bundle_offer,7.2634,5.2542,401
303,M,At-Risk,103,8,454.35,3.73,75.01,0.488,4,bundle_offer,9.0,27.6424,0.9998,0.0012,0.0176,27.66,3,product_recommendation,18.903,8.757,2231
304,F,Champion,9,8,543.86,4.02,75.64,0.753,3,product_recommendation,0.3,39.9235,0.7339,0.0016,0.02,39.9435,4,bundle_offer,38.9292,1.0143,2343
305,M,Loyal,45,5,168.94,2.19,37.4,0.31,2,free_shipping,4.99,10.1332,0.6191,0.0037,0.0304,10.1635,4,bundle_offer,9.6157,0.5478,401
306,F,Loyal,30,11,572.18,5.27,64.7,0.368,4,bundle_offer,9.0,42.542,1.0,0.0037,0.0306,42.5726,3,product_recommendation,19.2631,23.3095,2231
307,M,Loyal,22,6,396.29,4.38,72.9,0.604,4,bundle_offer,9.0,40.8967,0.9997,0.0016,0.02,40.9167,3,product_recommendation,32.7473,8.1694,2231
308,F,At-Risk,120,6,220.09,1.18,51.78,0.619,2,free_shipping,4.99,16.3229,0.9987,0.0129,0.0568,16.3796,3,product_recommendation,9.7367,6.6429,401
309,M,At-Risk,108,8,493.18,3.76,65.7,0.339,4,bundle_offer,9.0,31.0838,1.0,0.0012,0.0174,31.1012,3,product_recommendation,14.6202,16.481,2231
310,F,Loyal,30,9,517.04,3.22,63.31,0.472,4,bundle_offer,9.0,25.7123,0.9272,0.001,0.0156,25.7279,3,product_recommendation,23.1835,2.5444,2231
311,M,Lost,103,2,92.78,4.6,63.12,0.256,4,bundle_offer,9.0,37.7182,1.0,0.0033,0.0286,37.7468,3,product_recommendation,10.3842,27.3626,2231
312,F,At-Risk,138,7,393.61,2.29,72.3,0.366,2,free_shipping,4.99,14.5822,0.9073,0.0107,0.0516,14.6338,4,bundle_offer,12.2109,2.4229,401
313,M,Lost,71,7,450.83,1.45,70.47,0.421,3,product_recommendation,0.3,19.8065,0.9835,0.003,0.0273,19.8337,2,free_shipping,15.7462,4.0875,2343
314,F,Champion,19,10,534.41,3.73,70.25,0.47,4,bundle_offer,9.0,28.1649,0.9891,0.0016,0.0201,28.185,3,product_recommendation,23.6728,4.5122,2231
315,M,Loyal,17,6,306.37,4.3,68.21,0.496,4,bundle_offer,9.0,34.9719,1.0,0.0013,0.0183,34.9902,3,product_recommendation,24.9393,10.0509,2231
316,F,Loyal,45,4,230.01,4.33,65.21,0.535,4,bundle_offer,9.0,37.2502,1.0,0.0018,0.0213,37.2715,3,product_recommendation,24.9717,12.2998,2231
317,M,Champion,10,13,1136.04,5.02,79.8,0.453,4,bundle_offer,9.0,68.1001,1.0,0.0059,0.0384,68.1384,3,product_recommendation,47.3132,20.8252,2231
318,F,Champion,18,11,755.66,3.74,83.89,0.539,4,bundle_offer,9.0,37.7485,0.8848,0.0021,0.0229,37.7714,3,product_recommendation,35.7327,2.0387,2231
319,M,Loyal,42,8,327.98,3.12,47.06,0.438,4,bundle_offer,9.0,16.9582,0.971,0.0015,0.0192,16.9774,2,free_shipping,13.114,3.8634,2231
320,F,Loyal,11,6,341.93,2.88,65.96,0.478,3,product_recommendation,0.3,25.0844,0.8735,0.0011,0.0163,25.1008,4,bundle_offer,23.1677,1.9331,2343
321,M,Loyal,17,7,436.84,3.89,74.49,0.653,4,bundle_offer,9.0,34.6058,0.734,0.0019,0.0221,34.6279,3,product_recommendation,33.6131,1.0148,2231
322,F,Loyal,44,7,386.25,4.17,65.6,0.477,4,bundle_offer,9.0,34.1525,1.0,0.0006,0.0124,34.1649,3,product_recommendation,22.4745,11.6904,2231
323,M,Loyal,16,6,343.15,2.52,71.92,0.561,3,product_recommendation,0.3,27.6796,0.9998,0.0015,0.0194,27.699,4,bundle_offer,18.9233,8.7757,2343
324,F,At-Risk,123,5,344.4,3.67,84.16,0.462,4,bundle_offer,9.0,30.5156,0.9999,0.0028,0.0265,30.542,3,product_recommendation,20.6716,9.8704,2231
325,M,Lost,82,4,163.31,4.68,61.16,0.387,4,bundle_offer,9.0,35.8239,1.0,0.002,0.0223,35.8462,3,product_recommendation,13.7423,22.1039,2231
326,F,Lost,66,6,307.81,3.14,63.59,0.265,4,bundle_offer,9.0,22.3383,0.9999,0.0014,0.0186,22.3569,2,free_shipping,12.4881,9.8688,2231
327,M,At-Risk,104,4,201.18,2.42,55.55,0.413,4,bundle_offer,9.0,14.7111,0.8703,0.0021,0.0227,14.7338,2,free_shipping,12.5269,2.2069,2231
328,F,Lost,176,2,62.35,2.53,40.76,0.371,4,bundle_offer,9.0,13.0958,0.9907,0.0052,0.0362,13.132,2,free_shipping,8.4594,4.6726,2231
329,M,At-Risk,159,4,245.63,3.81,65.97,0.262,4,bundle_offer,9.0,29.6524,1.0,0.0028,0.0264,29.6787,2,free_shipping,10.3178,19.3609,2231
330,F,Loyal,21,4,297.09,3.98,79.77,0.365,4,bundle_offer,9.0,38.429,1.0,0.0033,0.0285,38.4575,3,product_recommendation,27.3244,11.1331,2231
331,M,At-Risk,95,6,314.05,3.73,63.7,0.471,4,bundle_offer,9.0,27.2953,1.0,0.001,0.0156,27.3109,3,product_recommendation,16.2511,11.0598,2231
332,F,Loyal,40,6,312.68,4.78,65.84,0.374,4,bundle_offer,9.0,39.8814,1.0,0.0018,0.021,39.9023,3,product_recommendation,19.6454,20.2569,2231
333,M,Champion,14,13,879.01,5.67,76.63,0.568,4,bundle_offer,9.0,58.0136,1.0,0.0029,0.0268,58.0404,3,product_recommendation,37.9566,20.0838,2231
334,F,Loyal,21,8,328.06,3.08,57.74,0.58,3,product_recommendation,0.3,19.8457,0.9131,0.0015,0.0191,19.8648,2,free_shipping,17.1017,2.7631,2343
335,M,Loyal,43,5,245.32,2.79,58.96,0.391,4,bundle_offer,9.0,19.3809,0.9388,0.0011,0.0167,19.3975,3,product_recommendation,16.6149,2.7826,2231
336,F,Lost,136,2,91.27,3.23,56.36,0.448,4,bundle_offer,9.0,22.461,1.0,0.0033,0.0289,22.4899,2,free_shipping,11.8883,10.6016,2231
337,M,Loyal,47,4,341.89,4.1,78.76,0.731,4,bundle_offer,9.0,40.8706,0.9596,0.0046,0.034,40.9045,3,product_recommendation,37.7368,3.1677,2231
338,F,Loyal,14,7,546.29,4.48,81.06,0.715,4,bundle_offer,9.0,47.2565,0.9917,0.0026,0.0257,47.2822,3,product_recommendation,42.4935,4.7887,2231
339,M,Loyal,18,5,240.94,3.3,61.94,0.429,4,bundle_offer,9.0,24.9062,0.9855,0.0013,0.0182,24.9244,3,product_recommendation,20.7024,4.222,2231
340,F,At-Risk,115,5,233.49,3.99,64.71,0.305,4,bundle_offer,9.0,28.296,1.0,0.0015,0.0191,28.3152,2,free_shipping,12.0263,16.2889,2231
341,M,Lost,20,1,59.02,2.69,72.12,0.466,3,product_recommendation,0.3,24.9179,0.9548,0.0039,0.0311,24.9491,4,bundle_offer,21.8925,3.0566,2343
342,F,Lost,12,1,52.85,2.95,58.34,0.312,4,bundle_offer,9.0,25.4392,0.9983,0.0027,0.0261,25.4653,3,product_recommendation,19.0626,6.4027,2231
343,M,Champion,16,10,594.1,2.96,69.46,0.671,3,product_recommendation,0.3,31.8922,0.9997,0.001,0.0158,31.908,4,bundle_offer,23.8664,8.0416,2343
344,F,At-Risk,142,4,207.04,3.76,59.3,0.201,4,bundle_offer,9.0,27.7289,1.0,0.0025,0.0249,27.7538,2,free_shipping,9.1513,18.6025,2231
345,M,Loyal,25,6,366.39,4.4,74.96,0.456,4,bundle_offer,9.0,39.3072,1.0,0.0014,0.019,39.3262,3,product_recommendation,27.0326,12.2936,2231
346,F,Champion,18,8,459.56,3.32,64.57,0.349,4,bundle_offer,9.0,27.541,0.9986,0.0014,0.0184,27.5594,3,product_recommendation,20.9857,6.5737,2231
347,M,Lost,90,5,161.64,2.37,54.65,0.382,2,free_shipping,4.99,13.5508,0.9929,0.0046,0.0339,13.5847,4,bundle_offer,8.406,5.1787,401
348,F,Lost,77,5,328.14,2.45,63.81,0.633,3,product_recommendation,0.3,24.9702,0.9965,0.0024,0.0246,24.9948,4,bundle_offer,19.3098,5.685,2343
349,M,Loyal,33,8,433.09,4.79,68.72,0.642,4,bundle_offer,9.0,39.4378,1.0,0.0014,0.0188,39.4566,3,product_recommendation,28.7886,10.668,2231
350,F,Loyal,25,6,390.59,2.83,74.13,0.341,4,bundle_offer,9.0,25.1647,0.8632,0.003,0.0272,25.1919,3,product_recommendation,23.3492,1.8427,2231
351,M,At-Risk,240,5,224.65,3.3,58.81,0.451,4,bundle_offer,9.0,16.4282,0.9925,0.0081,0.0449,16.4731,2,free_shipping,11.5831,4.89,2231
352,F,Loyal,31,13,750.06,4.13,65.86,0.663,4,bundle_offer,9.0,33.8232,0.9797,0.0022,0.0235,33.8468,3,product_recommendation,29.9698,3.877,2231
353,M,Loyal,48,4,247.47,3.32,73.19,0.62,3,product_recommendation,0.3,28.2991,0.7143,0.0017,0.0205,28.3196,4,bundle_offer,27.4034,0.9162,2343
354,F,Lost,10,3,131.33,2.55,51.37,0.733,3,product_recommendation,0.3,28.3409,1.0,0.0034,0.029,28.3699,4,bundle_offer,18.1669,10.203,2343
355,M,At-Risk,228,14,747.2,1.96,63.33,0.311,2,free_shipping,4.99,12.2481,0.9878,0.0449,0.106,12.3541,0,no_action,7.9553,4.3988,401
356,F,Champion,12,11,1012.02,4.29,89.94,0.601,4,bundle_offer,9.0,59.5391,0.9995,0.0041,0.0319,59.571,3,product_recommendation,51.8921,7.6789,2231
357,M,Loyal,4,7,479.45,4.26,66.13,0.728,4,bundle_offer,9.0,41.8133,0.9757,0.0027,0.026,41.8393,3,product_recommendation,38.1456,3.6937,2231
358,F,Lost,76,8,372.21,2.09,56.52,0.481,2,free_shipping,4.99,15.0816,0.8903,0.0037,0.0302,15.1118,3,product_recommendation,13.0127,2.0991,401
359,M,Lost,154,2,115.43,3.47,59.6,0.355,4,bundle_offer,9.0,25.8843,1.0,0.0032,0.0283,25.9126,2,free_shipping,10.6544,15.2582,2231
360,F,At-Risk,92,5,309.66,2.7,75.22,0.466,4,bundle_offer,9.0,19.9134,0.5372,0.0032,0.0285,19.9419,3,product_recommendation,19.7662,0.1757,2231
361,M,Lost,80,5,211.73,1.87,46.74,0.351,2,free_shipping,4.99,11.5533,0.9635,0.002,0.0226,11.5758,3,product_recommendation,7.8072,3.7686,401
362,F,Lost,148,1,49.62,3.75,60.89,0.355,4,bundle_offer,9.0,28.5311,1.0,0.0036,0.0299,28.561,2,free_shipping,10.8386,17.7224,2231
363,M,Loyal,36,6,317.2,3.58,65.96,0.573,4,bundle_offer,9.0,27.6286,0.9343,0.0015,0.019,27.6477,3,product_recommendation,24.9922,2.6555,2231
364,F,Loyal,12,8,315.57,2.23,47.57,0.555,3,product_recommendation,0.3,17.0822,0.7772,0.0017,0.0206,17.1028,2,free_shipping,15.853,1.2498,2343
365,M,Lost,69,2,75.84,1.15,45.83,0.167,2,free_shipping,4.99,9.3219,0.9885,0.0077,0.0439,9.3658,3,product_recommendation,4.4767,4.8891,401
366,F,Loyal,32,6,291.08,3.57,58.18,0.521,4,bundle_offer,9.0,26.5075,0.994,0.001,0.016,26.5234,3,product_recommendation,21.4138,5.1096,2231
367,M,Lost,229,2,82.66,4.67,49.35,0.192,4,bundle_offer,9.0,34.3559,1.0,0.0097,0.0492,34.4051,2,free_shipping,5.3671,29.038,2231
368,F,Loyal,59,8,538.19,4.23,70.23,0.658,4,bundle_offer,9.0,39.4728,0.9996,0.0015,0.0194,39.4922,3,product_recommendation,31.6829,7.8093,2231
369,M,Champion,16,9,585.38,4.01,74.17,0.672,4,bundle_offer,9.0,37.6071,0.8459,0.0015,0.0193,37.6264,3,product_recommendation,35.9236,1.7028,2231
370,F,At-Risk,92,6,202.4,4.41,61.33,0.518,4,bundle_offer,9.0,27.1842,1.0,0.0018,0.0215,27.2056,2,free_shipping,15.1166,12.089,2231
371,M,Loyal,36,9,506.68,3.26,55.86,0.474,4,bundle_offer,9.0,25.6327,0.9893,0.0008,0.014,25.6468,3,product_recommendation,21.1183,4.5285,2231
372,F,Loyal,12,4,193.51,3.9,61.21,0.357,4,bundle_offer,9.0,32.2577,1.0,0.0018,0.0209,32.2786,3,product_recommendation,20.0711,12.2075,2231
373,M,Loyal,3,4,197.36,3.86,64.51,0.504,4,bundle_offer,9.0,31.9021,0.9978,0.0021,0.023,31.9251,3,product_recommendation,25.8298,6.0953,2231
374,F,Loyal,59,6,293.67,3.37,65.38,0.537,4,bundle_offer,9.0,23.3096,0.9475,0.0014,0.0189,23.3285,3,product_recommendation,20.4221,2.9064,2231
375,M,Champion,13,8,580.07,4.34,85.69,0.572,4,bundle_offer,9.0,44.2351,0.9984,0.0018,0.0215,44.2567,3,product_recommendation,37.8222,6.4345,2231
376,F,Loyal,19,6,299.19,3.49,63.66,0.431,4,bundle_offer,9.0,26.5727,0.9958,0.0012,0.017,26.5897,3,product_recommendation,21.1199,5.4698,2231
377,M,Champion,12,9,482.19,5.26,64.71,0.481,4,bundle_offer,9.0,44.7807,1.0,0.0024,0.0244,44.8051,3,product_recommendation,25.4276,19.3775,2231
378,F,Lost,68,8,410.27,3.73,64.66,0.47,4,bundle_offer,9.0,26.5821,0.9998,0.0007,0.0134,26.5955,3,product_recommendation,17.9143,8.6812,2231
379,M,Lost,68,6,336.61,2.31,61.89,0.797,3,product_recommendation,0.3,27.7978,0.9999,0.0036,0.0299,27.8278,2,free_shipping,18.6309,9.1969,2343
380,F,Lost,90,10,676.48,3.19,66.11,0.702,3,product_recommendation,0.3,29.6837,0.6533,0.0043,0.0327,29.7164,4,bundle_offer,29.0827,0.6337,2343
381,M,Lost,3,3,274.03,4.16,91.09,0.422,4,bundle_offer,9.0,42.5587,0.9998,0.0062,0.0394,42.5981,3,product_recommendation,34.1681,8.43,2231
382,F,Loyal,19,6,449.55,1.87,77.3,0.522,3,product_recommendation,0.3,31.6448,1.0,0.0034,0.0292,31.674,4,bundle_offer,18.8377,12.8363,2343
383,M,Champion,20,14,750.12,4.15,65.86,0.516,4,bundle_offer,9.0,30.8586,0.9991,0.0031,0.0278,30.8865,3,product_recommendation,23.9257,6.9608,2231
384,F,Lost,64,8,438.79,2.41,64.95,0.55,3,product_recommendation,0.3,20.8618,0.9847,0.0011,0.0168,20.8786,2,free_shipping,16.5267,4.3519,2343
385,M,Lost,18,3,161.39,3.59,58.41,0.454,4,bundle_offer,9.0,30.6395,0.9996,0.0017,0.0206,30.6601,3,product_recommendation,22.8942,7.7659,2231
386,F,Champion,23,8,432.64,2.51,67.51,0.679,3,product_recommendation,0.3,28.5669,0.9999,0.0011,0.0168,28.5837,2,free_shipping,19.1028,9.4809,2343
387,M,At-Risk,124,7,300.21,4.6,54.81,0.349,4,bundle_offer,9.0,31.1435,1.0,0.0028,0.0266,31.1702,2,free_shipping,10.8405,20.3297,2231
388,F,Loyal,32,11,696.06,4.25,66.74,0.496,4,bundle_offer,9.0,39.6315,1.0,0.001,0.016,39.6475,3,product_recommendation,28.203,11.4445,2231
389,M,Loyal,54,7,612.06,3.38,90.74,0.561,4,bundle_offer,9.0,38.7515,0.6894,0.004,0.0315,38.783,3,product_recommendation,37.9859,0.7971,2231
390,F,Lost,76,3,155.33,2.82,63.71,0.233,4,bundle_offer,9.0,20.6566,0.9998,0.002,0.0225,20.6791,2,free_shipping,11.852,8.8271,2231
391,M,Lost,84,2,81.69,3.11,56.55,0.43,4,bundle_offer,9.0,22.4224,0.9996,0.002,0.0222,22.4447,3,product_recommendation,14.3739,8.0708,2231
392,F,Lost,73,7,392.89,3.39,67.47,0.618,4,bundle_offer,9.0,25.2325,0.8041,0.002,0.0223,25.2548,3,product_recommendation,23.8416,1.4132,2231
393,M,Champion,24,12,562.16,2.78,62.39,0.595,3,product_recommendation,0.3,20.6057,0.8971,0.0022,0.0237,20.6293,2,free_shipping,18.4615,2.1678,2343
394,F,Loyal,54,13,751.7,4.2,64.91,0.592,4,bundle_offer,9.0,34.0683,0.9998,0.0021,0.0228,34.0911,3,product_recommendation,25.7868,8.3043,2231
395,M,At-Risk,119,12,1004.43,4.48,91.44,0.589,4,bundle_offer,9.0,53.4242,1.0,0.0041,0.0319,53.4562,3,product_recommendation,38.9506,14.5056,2231
396,F,Loyal,39,6,463.93,5.44,88.18,0.769,4,bundle_offer,9.0,54.2934,1.0,0.0036,0.0302,54.3236,3,product_recommendation,42.4838,11.8398,2231
397,M,Lost,63,3,178.32,3.39,68.28,0.253,4,bundle_offer,9.0,28.0981,1.0,0.0022,0.0235,28.1217,3,product_recommendation,15.0128,13.1089,2231
398,F,At-Risk,94,4,163.73,2.58,48.82,0.179,4,bundle_offer,9.0,15.1538,0.9977,0.0012,0.0172,15.1709,2,free_shipping,9.0673,6.1036,2231
399,M,At-Risk,154,7,413.52,3.41,67.41,0.238,4,bundle_offer,9.0,24.8617,1.0,0.0028,0.0262,24.8879,2,free_shipping,10.8779,14.01,2231
400,F,Champion,28,9,469.27,4.82,72.63,0.587,4,bundle_offer,9.0,38.278,1.0,0.0011,0.0169,38.2949,3,product_recommendation,27.2113,11.0836,2231
401,M,Loyal,24,4,200.8,2.79,62.1,0.69,3,product_recommendation,0.3,28.1771,0.9996,0.0019,0.0219,28.199,4,bundle_offer,20.2498,7.9492,2343
402,F,Lost,66,6,199.46,3.64,38.12,0.625,4,bundle_offer,9.0,20.9956,0.9988,0.0046,0.0339,21.0295,3,product_recommendation,13.993,7.0365,2231
403,M,Loyal,50,9,689.51,3.02,77.57,0.544,3,product_recommendation,0.3,33.7235,0.6382,0.0017,0.0209,33.7443,4,bundle_offer,33.1769,0.5674,2343
404,F,Loyal,21,5,278.15,3.23,67.53,0.442,4,bundle_offer,9.0,26.1582,0.9428,0.0017,0.0206,26.1788,3,product_recommendation,23.3766,2.8022,2231
405,M,Lost,74,4,219.34,2.67,61.92,0.267,4,bundle_offer,9.0,19.4403,0.9988,0.0015,0.0197,19.46,3,product_recommendation,12.0248,7.4352,2231
406,F,Loyal,39,11,988.84,4.47,88.84,0.826,4,bundle_offer,9.0,58.5209,0.976,0.0051,0.0358,58.5566,3,product_recommendation,54.85,3.7066,2231
407,M,Lost,69,1,57.82,2.95,69.82,0.396,4,bundle_offer,9.0,23.0377,0.9919,0.0036,0.0301,23.0678,3,product_recommendation,18.2287,4.8391,2231
408,F,Champion,12,9,545.98,2.93,63.83,0.589,3,product_recommendation,0.3,29.463,0.9892,0.0007,0.0136,29.4767,4,bundle_offer,24.9573,4.5194,2343
409,M,Champion,25,12,929.6,2.96,74.54,0.672,3,product_recommendation,0.3,42.5011,0.9958,0.0035,0.0295,42.5306,4,bundle_offer,37.0553,5.4753,2343
410,F,Champion,21,8,451.45,4.58,56.05,0.587,4,bundle_offer,9.0,39.6625,1.0,0.0018,0.0215,39.684,3,product_recommendation,27.1074,12.5766,2231
411,M,At-Risk,240,8,518.41,5.23,73.02,0.277,4,bundle_offer,9.0,42.9511,1.0,0.0085,0.046,42.997,2,free_shipping,9.2369,33.7601,2231
412,F,Lost,60,8,659.78,3.39,75.32,0.454,4,bundle_offer,9.0,38.8708,0.9994,0.0017,0.0204,38.8912,3,product_recommendation,31.5415,7.3497,2231
413,M,Champion,22,10,502.99,2.35,62.76,0.571,3,product_recommendation,0.3,22.4839,0.9912,0.0013,0.0181,22.502,2,free_shipping,17.7698,4.7322,2343
414,F,Loyal,45,9,590.25,2.73,60.64,0.614,3,product_recommendation,0.3,28.6519,0.9806,0.0012,0.0172,28.6691,4,bundle_offer,24.7474,3.9217,2343
415,M,Loyal,49,7,452.63,3.78,70.27,0.406,4,bundle_offer,9.0,34.1826,1.0,0.0007,0.0133,34.1959,3,product_recommendation,23.5056,10.6903,2231
416,F,At-Risk,152,4,192.51,6.07,51.63,0.294,4,bundle_offer,9.0,50.1797,1.0,0.01,0.0501,50.2298,1,discount_10,10.083,40.1468,2231
417,M,Loyal,33,5,253.33,4.74,62.69,0.449,4,bundle_offer,9.0,39.7776,1.0,0.0018,0.0211,39.7987,3,product_recommendation,21.8908,17.9079,2231
418,F,At-Risk,156,5,211.87,3.33,48.97,0.209,4,bundle_offer,9.0,19.8223,1.0,0.0028,0.0265,19.8488,2,free_shipping,8.2031,11.6457,2231
419,M,Champion,8,8,471.26,3.08,59.66,0.508,3,product_recommendation,0.3,26.1509,0.5163,0.0007,0.0134,26.1644,4,bundle_offer,26.0992,0.0652,2343
420,F,Loyal,38,7,288.27,3.22,55.06,0.539,4,bundle_offer,9.0,18.8025,0.7358,0.0016,0.0203,18.8228,3,product_recommendation,17.6937,1.1291,2231
421,M,Lost,14,3,145.86,3.47,57.99,0.514,4,bundle_offer,9.0,28.4443,0.9875,0.0021,0.0231,28.4674,3,product_recommendation,24.0945,4.3729,2231
422,F,Champion,28,9,464.57,3.22,75.92,0.709,3,product_recommendation,0.3,29.611,0.9996,0.0009,0.0154,29.6264,4,bundle_offer,21.2634,8.363,2343
423,M,Lost,72,7,379.81,2.56,66.0,0.346,4,bundle_offer,9.0,16.6586,0.848,0.002,0.0224,16.681,3,product_recommendation,14.4174,2.2636,2231
424,F,Loyal,39,10,620.92,2.6,78.15,0.614,3,product_recommendation,0.3,30.3906,0.9999,0.0013,0.0178,30.4084,4,bundle_offer,20.8197,9.5887,2343
425,M,Champion,26,10,717.73,4.52,84.67,0.535,4,bundle_offer,9.0,46.8362,1.0,0.0013,0.018,46.8542,3,product_recommendation,36.6343,10.2199,2231
426,F,Lost,62,7,653.78,4.25,81.86,0.314,4,bundle_offer,9.0,51.0318,1.0,0.0034,0.029,51.0608,3,product_recommendation,31.5071,19.5537,2231
427,M,At-Risk,111,9,688.47,3.39,74.06,0.387,4,bundle_offer,9.0,35.316,1.0,0.0022,0.0234,35.3395,3,product_recommendation,23.3239,12.0156,2231
428,F,At-Risk,97,15,667.59,2.97,62.28,0.596,2,free_shipping,4.99,18.2863,0.9994,0.0122,0.0553,18.3416,3,product_recommendation,10.8529,7.4887,401
429,M,Loyal,36,8,535.34,3.3,70.4,0.376,4,bundle_offer,9.0,31.2214,0.9986,0.0012,0.0174,31.2388,3,product_recommendation,24.6344,6.6044,2231
430,F,At-Risk,103,6,370.64,3.19,66.51,0.469,4,bundle_offer,9.0,25.009,0.999,0.0015,0.0192,25.0281,3,product_recommendation,18.1395,6.8886,2231
431,M,Champion,14,9,567.46,3.15,74.63,0.546,3,product_recommendation,0.3,30.8626,0.9444,0.0011,0.0165,30.8792,4,bundle_offer,28.0467,2.8325,2343
432,F,Loyal,43,7,326.08,1.12,57.29,0.512,3,product_recommendation,0.3,16.752,0.5305,0.0021,0.023,16.775,2,free_shipping,16.6527,0.1223,2343
433,M,Loyal,47,9,603.56,3.37,74.7,0.387,4,bundle_offer,9.0,31.811,0.9987,0.0015,0.0195,31.8305,3,product_recommendation,25.1591,6.6714,2231
434,F,Loyal,26,8,381.54,2.52,65.12,0.665,3,product_recommendation,0.3,25.0637,0.9974,0.0012,0.0172,25.0809,2,free_shipping,19.1273,5.9536,2343
435,M,Lost,64,3,109.81,2.26,53.88,0.487,3,product_recommendation,0.3,15.2754,0.7236,0.0019,0.0216,15.297,2,free_shipping,14.1772,1.1198,2343
436,F,At-Risk,132,3,151.95,2.25,61.26,0.564,2,free_shipping,4.99,14.9167,0.6056,0.0116,0.0537,14.9704,3,product_recommendation,14.4455,0.5249,401
437,M,Loyal,8,5,336.44,2.02,74.79,0.774,3,product_recommendation,0.3,37.088,1.0,0.0044,0.0331,37.121,2,free_shipping,21.0314,16.0896,2343
438,F,Champion,13,11,506.86,2.0,58.73,0.543,3,product_recommendation,0.3,18.9861,0.7607,0.0025,0.0252,19.0113,2,free_shipping,17.8545,1.1568,2343
439,M,Loyal,14,9,391.11,4.59,56.78,0.467,4,bundle_offer,9.0,32.4893,1.0,0.0023,0.0238,32.5131,3,product_recommendation,18.6616,13.8515,2231
440,F,Lost,69,2,77.98,1.38,47.9,0.394,2,free_shipping,4.99,12.1493,0.6161,0.0065,0.0402,12.1896,3,product_recommendation,11.714,0.4756,401
441,M,Loyal,48,7,328.5,3.11,51.86,0.424,4,bundle_offer,9.0,20.3448,0.9956,0.0007,0.0136,20.3584,3,product_recommendation,14.7912,5.5672,2231
442,F,Loyal,45,7,427.8,3.16,69.72,0.562,3,product_recommendation,0.3,26.5811,0.6188,0.0006,0.0121,26.5932,4,bundle_offer,26.1088,0.4844,2343
443,M,Lost,60,5,308.92,3.27,62.07,0.306,4,bundle_offer,9.0,27.8006,1.0,0.0008,0.0142,27.8148,3,product_recommendation,16.5383,11.2765,2231
444,F,Loyal,37,4,144.91,2.96,47.68,0.373,4,bundle_offer,9.0,19.3796,0.9977,0.0008,0.014,19.3936,3,product_recommendation,13.0465,6.3471,2231
445,M,Champion,18,10,505.95,2.73,58.22,0.692,3,product_recommendation,0.3,26.1836,0.9997,0.0017,0.0203,26.2039,2,free_shipping,18.061,8.1429,2343
446,F,Lost,64,6,324.08,3.75,67.43,0.317,4,bundle_offer,9.0,29.3485,1.0,0.0011,0.0165,29.365,3,product_recommendation,15.658,13.707,2231
447,M,Champion,16,8,481.73,4.6,65.41,0.475,4,bundle_offer,9.0,41.7446,1.0,0.0011,0.0168,41.7613,3,product_recommendation,27.1696,14.5917,2231
448,F,Lost,194,2,88.28,3.76,62.33,0.272,4,bundle_offer,9.0,25.7836,1.0,0.0045,0.0337,25.8173,2,free_shipping,9.8094,16.0079,2231
449,M,Lost,51,1,48.46,1.25,49.04,0.425,3,product_recommendation,0.3,15.6675,0.9519,0.0021,0.0229,15.6904,2,free_shipping,12.7027,2.9877,2343
450,F,Loyal,14,5,203.72,4.68,60.49,0.401,4,bundle_offer,9.0,36.8532,1.0,0.0023,0.0242,36.8774,3,product_recommendation,19.4584,17.419,2231
451,M,At-Risk,240,5,305.16,4.51,62.32,0.159,4,bundle_offer,9.0,34.3911,1.0,0.0084,0.0457,34.4368,2,free_shipping,6.8336,27.6032,2231
452,F,Loyal,34,5,248.05,1.44,58.96,0.592,3,product_recommendation,0.3,22.2464,0.9938,0.002,0.0222,22.2686,2,free_shipping,17.194,5.0746,2343
453,M,Lost,73,4,177.92,2.6,50.76,0.656,3,product_recommendation,0.3,19.7205,0.9712,0.0037,0.0303,19.7508,4,bundle_offer,15.8444,3.9064,2343
454,F,Loyal,43,4,236.36,3.4,61.44,0.345,4,bundle_offer,9.0,28.8721,1.0,0.001,0.0156,28.8878,3,product_recommendation,18.5363,10.3515,2231
455,M,Lost,88,8,476.55,1.98,64.16,0.598,3,product_recommendation,0.3,21.3907,0.9931,0.0029,0.0267,21.4174,2,free_shipping,16.4416,4.9758,2343
456,F,Loyal,30,6,275.19,2.46,59.99,0.362,3,product_recommendation,0.3,15.4677,0.5798,0.0012,0.0174,15.4851,4,bundle_offer,14.534,0.9511,2343
457,M,Champion,20,12,656.16,3.2,57.81,0.591,3,product_recommendation,0.3,25.0887,0.8731,0.002,0.0222,25.1109,4,bundle_offer,23.1819,1.929,2343
458,F,Lost,11,2,104.36,3.16,51.15,0.301,4,bundle_offer,9.0,27.4357,0.9999,0.0016,0.0198,27.4555,3,product_recommendation,17.6459,9.8096,2231
459,M,Lost,72,9,520.51,3.47,72.47,0.563,4,bundle_offer,9.0,26.3758,0.9345,0.0014,0.0189,26.3947,3,product_recommendation,23.7354,2.6593,2231
460,F,Loyal,44,7,385.78,3.86,53.22,0.248,4,bundle_offer,9.0,32.1188,1.0,0.0015,0.0194,32.1382,3,product_recommendation,13.6604,18.4778,2231
461,M,Loyal,59,5,225.26,3.28,52.47,0.514,4,bundle_offer,9.0,22.6027,0.9953,0.0014,0.0184,22.6211,3,product_recommendation,17.2353,5.3858,2231
462,F,Loyal,48,7,441.93,3.35,76.84,0.461,4,bundle_offer,9.0,28.6863,0.9684,0.0017,0.0205,28.7068,3,product_recommendation,25.2843,3.4225,2231
463,M,At-Risk,159,7,244.1,3.07,48.17,0.33,4,bundle_offer,9.0,11.1552,0.5886,0.0036,0.0302,11.1854,2,free_shipping,10.8262,0.3592,2231
464,F,Lost,77,3,119.96,1.11,51.3,0.458,2,free_shipping,4.99,13.8883,0.828,0.0085,0.0461,13.9344,3,product_recommendation,12.3626,1.5718,401
465,M,Loyal,49,10,488.28,4.02,78.08,0.459,4,bundle_offer,9.0,26.7617,0.999,0.0021,0.023,26.7847,3,product_recommendation,19.7871,6.9976,2231
466,F,Lost,70,8,484.17,3.61,72.53,0.329,4,bundle_offer,9.0,29.9387,1.0,0.0013,0.0184,29.957,3,product_recommendation,18.2588,11.6982,2231
467,M,Loyal,50,4,186.41,2.78,56.67,0.609,3,product_recommendation,0.3,21.9098,0.9564,0.0017,0.0207,21.9305,4,bundle_offer,18.7981,3.1324,2343
468,F,Loyal,53,4,167.54,4.61,58.72,0.387,4,bundle_offer,9.0,36.494,1.0,0.002,0.0222,36.5162,3,product_recommendation,16.182,20.3342,2231
469,M,At-Risk,106,4,231.02,2.0,63.05,0.424,2,free_shipping,4.99,13.9229,0.5019,0.0066,0.0407,13.9636,3,product_recommendation,13.8198,0.1438,401
470,F,Lost,80,4,211.63,1.0,68.05,0.572,3,product_recommendation,0.3,19.4308,0.8035,0.0044,0.0333,19.4641,2,free_shipping,18.0556,1.4085,2343
471,M,Loyal,13,5,232.06,2.64,59.53,0.422,3,product_recommendation,0.3,19.5733,0.832,0.0012,0.0172,19.5905,4,bundle_offer,17.9453,1.6452,2343
472,F,Lost,83,7,397.86,4.5,66.91,0.641,4,bundle_offer,9.0,36.4972,1.0,0.0019,0.0216,36.5188,3,product_recommendation,24.7341,11.7847,2231
473,M,Lost,47,2,64.72,2.23,39.32,0.355,4,bundle_offer,9.0,14.6868,0.956,0.0011,0.0164,14.7031,3,product_recommendation,11.4177,3.2854,2231
474,F,Loyal,50,8,558.69,3.12,76.62,0.376,4,bundle_offer,9.0,30.0868,0.9923,0.002,0.0225,30.1093,3,product_recommendation,25.2489,4.8604,2231
475,M,Champion,6,9,442.47,2.78,60.12,0.749,3,product_recommendation,0.3,28.9954,0.9999,0.0021,0.0229,29.0183,2,free_shipping,19.255,9.7633,2343
476,F,At-Risk,211,3,117.62,2.66,49.62,0.173,4,bundle_offer,9.0,12.8838,0.9963,0.0052,0.036,12.9198,2,free_shipping,7.3175,5.6023,2231
477,M,Loyal,21,8,348.74,1.79,52.58,0.322,2,free_shipping,4.99,13.7945,0.9161,0.0078,0.0442,13.8388,3,product_recommendation,11.4399,2.3989,401
478,F,Lost,73,3,151.08,3.63,70.35,0.315,4,bundle_offer,9.0,28.2106,1.0,0.002,0.0226,28.2332,3,product_recommendation,15.1053,13.1279,2231
479,M,At-Risk,101,4,137.8,2.03,45.77,0.398,2,free_shipping,4.99,11.6855,0.9823,0.0044,0.0332,11.7187,4,bundle_offer,7.3405,4.3782,401
480,F,Loyal,19,7,467.29,2.72,70.86,0.675,3,product_recommendation,0.3,33.9649,0.9999,0.0012,0.0175,33.9824,4,bundle_offer,24.7399,9.2425,2343
481,M,Lost,68,6,287.27,3.09,53.21,0.174,4,bundle_offer,9.0,21.1855,1.0,0.0015,0.0195,21.2049,2,free_shipping,9.7718,11.4331,2231
482,F,Loyal,15,7,392.36,3.78,67.3,0.663,4,bundle_offer,9.0,31.0511,0.5749,0.002,0.0224,31.0735,3,product_recommendation,30.7717,0.3018,2231
483,M,At-Risk,106,5,243.14,3.47,53.85,0.372,4,bundle_offer,9.0,24.3345,1.0,0.0011,0.0167,24.3512,2,free_shipping,11.1549,13.1963,2231
484,F,Loyal,54,4,243.19,5.3,76.79,0.327,4,bundle_offer,9.0,47.5393,1.0,0.0037,0.0303,47.5696,3,product_recommendation,21.297,26.2726,2231
485,M,Lost,26,3,158.63,2.95,73.84,0.4,4,bundle_offer,9.0,22.9931,0.6965,0.0039,0.0311,23.0241,3,product_recommendation,22.1909,0.8332,2231
486,F,Lost,33,3,207.93,3.68,79.95,0.613,4,bundle_offer,9.0,32.5586,0.7099,0.0044,0.0331,32.5917,3,product_recommendation,31.6967,0.895,2231
487,M,Lost,68,6,303.18,1.69,52.79,0.391,2,free_shipping,4.99,13.0435,0.6493,0.0037,0.0303,13.0739,3,product_recommendation,12.4507,0.6232,401
488,F,Loyal,45,7,616.82,3.88,99.2,0.451,4,bundle_offer,9.0,44.2657,0.9988,0.0049,0.0348,44.3005,3,product_recommendation,37.5362,6.7643,2231
489,M,Lost,2,1,50.33,2.85,59.46,0.513,3,product_recommendation,0.3,25.7795,0.8436,0.003,0.0275,25.8069,4,bundle_offer,24.1216,1.6853,2343
490,F,Champion,22,10,796.31,4.89,77.29,0.533,4,bundle_offer,9.0,56.166,1.0,0.002,0.0223,56.1883,3,product_recommendation,39.9761,16.2122,2231
491,M,Loyal,58,6,224.79,1.31,45.83,0.546,2,free_shipping,4.99,15.0407,0.9126,0.0084,0.0458,15.0865,3,product_recommendation,12.7399,2.3466,401
492,F,Loyal,52,8,539.92,3.02,62.64,0.534,4,bundle_offer,9.0,28.1654,0.8303,0.0012,0.0171,28.1825,3,product_recommendation,26.5944,1.5881,2231
493,M,Lost,81,4,130.09,2.42,42.89,0.467,2,free_shipping,4.99,12.0247,0.5985,0.0084,0.0459,12.0706,4,bundle_offer,11.4928,0.5778,401
494,F,Loyal,36,5,320.7,4.61,80.75,0.539,4,bundle_offer,9.0,41.5337,1.0,0.002,0.0225,41.5562,3,product_recommendation,30.0703,11.4859,2231
495,M,Lost,70,6,330.33,3.89,65.19,0.47,4,bundle_offer,9.0,30.744,1.0,0.0007,0.013,30.757,3,product_recommendation,19.6619,11.0951,2231
496,F,Lost,21,3,145.06,2.45,58.51,0.577,3,product_recommendation,0.3,24.4151,0.9987,0.0016,0.02,24.435,4,bundle_offer,17.6263,6.8087,2343
497,M,Loyal,27,5,276.4,2.81,71.95,0.471,3,product_recommendation,0.3,23.8592,0.9289,0.0015,0.0196,23.8788,4,bundle_offer,21.2966,2.5822,2343
498,F,At-Risk,93,7,462.72,3.55,58.9,0.522,4,bundle_offer,9.0,31.3186,0.9999,0.0015,0.0194,31.338,3,product_recommendation,21.4548,9.8832,2231
499,M,Loyal,23,7,356.63,3.3,58.48,0.515,4,bundle_offer,9.0,24.3869,0.8957,0.001,0.0159,24.4029,3,product_recommendation,22.2522,2.1507,2231
500,F,Champion,7,11,790.39,4.42,76.62,0.565,4,bundle_offer,9.0,47.5946,0.9999,0.0013,0.0182,47.6129,3,product_recommendation,38.6976,8.9153,2231
